id,chapter,title,question,question_zh,options,answer,answer_sets,explanation,explanation_zh,law_refs,tags,confidence,status,law_as_of,source_tier,source_url,question_text_source,answer_source,explanation_source,review_status,reviewed_at,review_result
ibt2-001,ibt2-part1,問1｜賃貸借（租賃）,"次の文章は、賃貸借契約について述べたものである。この文章中の下線部①～④の記述のうち、民法および借地借家法の規定に照らし、その内容が最も適切でないものを１つだけ選びなさい。
①賃貸借契約における賃貸人は、賃借人が目的物を使用収益する上で支障がある場合には、目的物の修繕をする義務を負う。目的物の保存に通常必要な費用を必要費といい、②賃借人は、必要費を支出したときには、直ちに賃貸人に対してその支出した費用の全額の償還を請求することができる。
③賃借人は、賃借物を受け取った後にこれに生じた損傷がある場合において、賃貸借が終了したときは、通常の使用および収益によって生じた賃借物の損耗ならびに賃借物の経年変化を除き、その損傷を原状に復する義務、すなわち、原状回復義務を負う。建物の賃貸借（借家）や建物所有を目的とする土地の賃貸借（借地）については、民法の規定のほか、賃借人の保護を目的として、民法の特別法である借地借家法の適用対象となる。借地借家法上、借家権と借地権について、賃借権の登記以外の方法で対抗要件を備えることが認められている。具体的には、④借地借家法上、建物の賃貸借については賃料の支払いが借家権の対抗要件であり、借地については借地の引渡しが借地権の対抗要件である。",租賃中的修繕義務、必要費用、返還時的回復原狀，以及租屋／租地權利如何對抗第三人。選出①～④中最不適當的一項。,"① 下線部①の記述
② 下線部②の記述
③ 下線部③の記述
④ 下線部④の記述",4,4,"①：○  賃貸借契約において、賃貸物の使用および収益に必要な修繕をする義務を負うのは、賃貸人である（民法 606 条１項）。
②：○  賃借人は、賃借物について賃貸人の負担に属する必要費を支出したときは、賃貸人に対し、直ちにその償還を請求することができる（民法 608 条１項）。
③：○  賃借人は、賃借物を受け取った後にこれに生じた損傷（通常の使用および収益によって生じた賃借物の損耗ならびに賃借物の経年変化を除く）がある場合において、賃貸借が終了したときは、その損傷を原状に復する義務を負う（原状回復義務、民法 621 条）。
④：×  借地借家法上、建物の賃貸借については建物の引渡しが借家権の対抗要件であり（借地借家法 31 条）、借地については借地上の建物の登記が借地権の対抗要件である（借地借家法 10 条１項）。",教材答案④。①房東負責必要修繕；②房客支付由房東負擔的必要費用後，可立即請求償還；③通常使用的耗損與自然老化不屬回復原狀範圍。④錯在對抗要件：租屋是建物交付，租地則是地上建物登記，不是支付租金或交付土地。,,"IBT・CBT模擬問題2,原題1",mid,ok,unknown,user-supplied-material,,ＩＢＴ・ＣＢＴ対策模擬問題 2.docx,ＩＢＴ・ＣＢＴ対策模擬解答 2.docx,user-supplied-material,source-consistency-checked,2026-10-01,原題・選択肢・解答・○×組合せを確認。中国語はAIによる要約。現行法の逐条審査は未実施。
ibt2-002,ibt2-part1,問2｜請負（承攬）,"請負契約に関する次のア〜エの記述のうち、民法の規定に照らし、その内容が適切なものを○、適切でないものを×とした場合の組み合わせを①〜⑧の中から１つだけ選びなさい。
ア．注文者は、請負人に対して損害を賠償しても、請負人の仕事の途中で請負契約を解除することができない。
イ．目的物の引渡しを要する請負契約における注文者の報酬支払債務につき期限の定めがない場合、注文者が請負人に報酬を支払う時期は目的物の引渡しの後とされており、請負人は、目的物の引渡しと引換えに報酬の支払いを請求することはできない。
ウ．請負人がその請負契約の本旨に従った仕事をしないとき、または仕事の目的の達成が不能となったときは、その債務の不履行が請負契約その他の債務の発生原因および取引上の社会通念に照らして請負人の責めに帰することができない事由によるものであるか否かにかかわらず、注文者は、これによって生じた損害の賠償を請求することができる。
エ．注文者の責めに帰することができない事由によって請負人が仕事を完成することができなくなった場合において、請負人がすでにした仕事の結果のうち可分な部分の給付によって注文者が利益を受けるときは、それをもって仕事の完成とみなし、請負人は注文者に対し報酬の全額を請求することができる。",判斷承攬契約的中途解除、報酬支付時點、損害賠償及部分工作成果的報酬。將ア～エ判為○／×，選出對應組合。,"①ア－○    イ－○    ウ－○    エ－○
②ア－○    イ－○    ウ－○    エ－×
③ア－○    イ－×    ウ－○    エ－○
④ア－○    イ－×    ウ－×    エ－○
⑤ア－×    イ－○    ウ－○    エ－×
⑥ア－×    イ－○    ウ－×    エ－×
⑦ア－×    イ－×    ウ－×    エ－○
⑧ア－×    イ－×    ウ－×    エ－×",8,8,"ア：×  請負人が仕事を完成しない間は、注文者は、いつでも損害を賠償して契約の解除をすることができる（民法 641 条）。
イ：×  目的物の引渡しを要する請負契約における報酬の支払時期については、民法上、目的物の引渡しと同時に支払わなければならないとされている（民法 633条）。
ウ：×  債務者がその債務の本旨に従った履行をしないとき、または債務の履行が不能であるときは、その債務の不履行が契約その他の債務の発生原因および取引上の社会通念に照らして債務者の責めに帰することができない事由によるものであるときを除き、債権者は、これによって生じた損害の賠償を請求することができる（民法 415 条１項）。
エ：×  注文者の責めに帰することができない事由によって請負人が仕事を完成することができなくなった場合または請負が仕事の完成前に解除された場合において、請負人がすでにした仕事の結果のうち可分な部分の給付によって注文者が利益を受けるときは、それをもって仕事の完成とみなし、請負人は、注文者に対し、注文者が受ける利益の割合に応じて報酬を請求することができる（民法634 条）。",教材答案⑧，ア・イ・ウ・エ全錯。工作完成前，定作人可賠償損害後解除；需交付成果時，報酬原則上與交付同時支付；損害賠償不能忽略可歸責性；可分的部分成果使定作人受益時，可請求的只是相應部分報酬，不是全額。,,"IBT・CBT模擬問題2,原題2",mid,ok,unknown,user-supplied-material,,ＩＢＴ・ＣＢＴ対策模擬問題 2.docx,ＩＢＴ・ＣＢＴ対策模擬解答 2.docx,user-supplied-material,source-consistency-checked,2026-10-01,原題・選択肢・解答・○×組合せを確認。中国語はAIによる要約。現行法の逐条審査は未実施。
ibt2-003,ibt2-part1,問3｜特許権（專利權）,"特許法に関する次のア～エの記述のうち、その内容が適切なものの個数を①～⑤の中から１つだけ選びなさい。
ア．同一の発明について異なった日に２以上の特許出願があったときは、最先の特許出願人のみがその発明について特許を受けることができる。
イ．特許権者以外の者が特許権者との間で契約を締結することにより専用実施権の設定を受けると、設定契約の範囲内で専用実施権者が独占的にその特許発明を実施することができ、特許権者であっても、当該範囲内においては自ら特許発明の実施をすることができなくなる。
ウ．特許権が共有されている場合、各共有者は、他の共有者の同意を得なくても、当該特許権について第三者に通常実施権を許諾することができる。
エ．企業の従業者が職務発明をした場合、当該企業と当該従業者との間の契約や勤務規則等で事前に特段の定めをしていなくても、当該職務発明について特許を受ける権利は、その発生した時から当該企業に帰属する。",判斷先申請原則、專用實施權、共有專利的授權，以及員工職務發明的權利歸屬。選出正確敘述的個數。,"①０ 個
②１ 個
③２ 個
④３ 個
⑤４ 個",3,3,"ア：〇  同一の発明について異なった日に 2 以上の特許出願があったときは、最先の特許出願人のみがその発明について特許を受けることができる（先願主義、特許法 39 条１項）。
イ：○  専用実施権者は、設定行為で定めた範囲内において、業としてその特許発明の実施をする権利を専有し（特許法 77 条２項）、特許権者も、当該範囲内においては自ら特許発明の実施をすることができなくなる。
ウ：×  特許権が共有に係るときは、各共有者は、他の共有者の同意を得なければ、当該特許権について第三者に通常実施権を許諾することができない（特許法 73条３項）。
エ：×  企業の従業者が職務発明をした場合、当該企業と当該従業者との間の契約や勤務規則等で事前に特段の定めをしていないときは、当該職務発明について特許を受ける権利は、原則として、当該従業者に帰属する（特許法 35 条参照）。",教材答案③，正確有2個：ア、イ。專利原則上採先申請；專用實施權的範圍內，連專利權人也不能自行實施。共有專利授予第三人通常實施權，需要其他共有人的同意；事前未特別約定時，職務發明的申請權原則上歸員工。,,"IBT・CBT模擬問題2,原題3",mid,ok,unknown,user-supplied-material,,ＩＢＴ・ＣＢＴ対策模擬問題 2.docx,ＩＢＴ・ＣＢＴ対策模擬解答 2.docx,user-supplied-material,source-consistency-checked,2026-10-01,原題・選択肢・解答・○×組合せを確認。中国語はAIによる要約。現行法の逐条審査は未実施。
ibt2-004,ibt2-part1,問4｜不正競争（不正競爭）,"不正競争防止法に関する次のア〜エの記述のうち、その内容が適切なものの組み合わせを①〜⑥の中から１つだけ選びなさい。
ア．Ａ社は、自社の商品αの表示として、自社と競争関係にあるＢ社の商品βを表示するものとして需要者の間に広く認識されている周知のものと類似の表示を使用しているが、商品αと商品βとの混同を生じさせてはいない。この場合、Ａ社の行為は、不正競争に該当する。
イ．Ｃ社は、自社と競争関係にあるＤ社の営業上の信用を害する虚偽の事実を流布した。この場合、Ｃ社の行為は、不正競争に該当する。
ウ．Ｅ社は、Ｆ社が保有する不正競争防止法上の限定提供データに該当する情報について、当該情報がＦ社の詐欺により第三者から不正に取得されたものであることを知りながら、Ｆ社から当該情報を取得した。この場合、Ｅ社の行為は、不正競争に該当する。
エ．Ｇ社は、自社と競争関係にあるＨ社の商品αの形態について、αの機能を確保するために不可欠な形態を模倣した商品βを販売した。この場合、Ｇ社の行為は、不正競争に該当する。",判斷使用他人的知名商品標識、散布損害商譽的假消息、取得非法流轉的限定提供資料，以及模仿商品功能必需的外形。選出正確的兩個敘述組合。,"①アイ
②アウ
③アエ
④イウ
⑤イエ
⑥ウエ",4,4,"ア：×  他人の商品等表示として需要者の間に広く認識されているものと同一もしくは類似の商品等表示を使用して、他人の商品と混同を生じさせる行為は、原則として、不正競争に該当する（不正競争防止法２条１項１号）。
イ：〇  競争関係にある他人の営業上の信用を害する虚偽の事実を流布する行為は、不正競争に該当する（不正競争防止法 2 条 1 項 21 号）。
ウ：〇  その限定提供データについて限定提供データ不正取得行為が介在したことを知って限定提供データを取得する行為は、不正競争に該当する（不正競争防止法２条１項 12 号）。
エ：×  他人の商品の形態を模倣した商品を譲渡する行為は不正競争に該当するが、当該商品の機能を確保するために不可欠な形態の模倣は不正競争から除かれる（不正競争防止法２条１項３号）。",教材答案④，イ、ウ正確。散布損害競爭者商譽的虛假事實，以及明知限定提供資料曾被非法取得仍取得，都可構成不正競爭。ア的周知標識情形需要造成混淆；エ所述功能必需的形態，排除於該商品形態模仿規定之外。,,"IBT・CBT模擬問題2,原題4",mid,ok,unknown,user-supplied-material,,ＩＢＴ・ＣＢＴ対策模擬問題 2.docx,ＩＢＴ・ＣＢＴ対策模擬解答 2.docx,user-supplied-material,source-consistency-checked,2026-10-01,原題・選択肢・解答・○×組合せを確認。中国語はAIによる要約。現行法の逐条審査は未実施。
ibt2-005,ibt2-part1,問5｜消費者契約（消費者契約）,"貴金属メーカーであるＸ社は、自社が経営する直販店舗において、宝飾品を消費者に販売している。この場合に関する次のア〜エの記述のうち、消費者契約法の規定に照らし、その内容が適切なものの組み合わせを①〜⑥の中から１つだけ選びなさい。
ア．Ｘ社の直販店舗において、Ｘ社の従業員Ａは、消費者Ｂが退去したい旨を申し出ているにもかかわらず、直販店舗から退去させずに勧誘を継続しＢを困惑させ、Ｘ社とＢとの間のブローチの売買契約を締結した。この場合、Ｂは、当該売買契約を取り消すことができる。
イ．Ｘ社は、直販店舗に来店した消費者Ｃとの間でイヤリングの売買契約を締結したが、その際、Ｘ社の従業員Ｄによる不適切な勧誘行為があったことを理由として、Ｃは、消費者契約法に基づき当該売買契約を取り消した。この場合、すでに履行された債務につき、Ｘ社は原状回復義務を負うが、Ｃは原状回復義務を負わない。
ウ．Ｘ社は、宝飾品を購入した買主にＸ社の債務不履行によりいかなる損害が生じても、その責任を一切負わない旨を、直販店舗内に表示している。この場合、Ｘ社は、直販店舗において消費者Ｅにブレスレットを販売した際のＸ社の債務不履行によりＥに生じた損害について、民法の債務不履行責任の規定による責任をすべて免れることができる。
エ．Ｘ社は、直販店舗において、不特定かつ多数の消費者に対し、消費者契約法上消費者が取り消すことができる不適切な勧誘行為を行っている。この場合、消費者契約法上の適格消費者団体は、Ｘ社に対し、当該行為の停止を請求することができる。",店家不讓消費者離開而促成交易、撤銷後的返還義務、全面免責條款，以及合格消費者團體的停止請求權。選出正確的兩個敘述組合。,"①アイ
②アウ
③アエ
④イウ
⑤イエ
⑥ウエ",3,3,"ア：〇  事業者が消費者契約の締結について勧誘をしている場所から消費者が退去する旨の意思を示したにもかかわらず、その場所から当該消費者を退去させないことにより困惑し、それによって消費者契約を締結した場合、消費者は、当該消費者契約を取り消すことができる（消費者契約法４条３項２号）。
イ：×  消費者契約法に基づき消費者契約が取り消された場合、事業者および消費者のいずれも原状回復義務を負う。なお、取消権を行使した消費者の返還義務については、民法の規定の特則が設けられている（消費者契約法６条の２）。
ウ：×  事業者の債務不履行により消費者に生じた損害を賠償する責任の全部を免除する条項は、無効である（消費者契約法８条１項１号）。
エ：〇  適格消費者団体は、事業者等が、消費者契約の締結について勧誘をするに際し、不特定かつ多数の消費者に対して消費者契約法所定の行為を現に行っているときは、その事業者等に対し、当該行為の停止を請求することができる（消費者契約法 12 条１項）。",教材答案③，ア、エ正確。消費者因被阻止離開而困惑並締約，可撤銷；合格消費者團體可對法定的不當勸誘請求停止。撤銷後雙方均有回復原狀義務，消費者返還範圍另有特則；全面免除業者違約賠償責任的條款無效。,,"IBT・CBT模擬問題2,原題5",mid,ok,unknown,user-supplied-material,,ＩＢＴ・ＣＢＴ対策模擬問題 2.docx,ＩＢＴ・ＣＢＴ対策模擬解答 2.docx,user-supplied-material,source-consistency-checked,2026-10-01,原題・選択肢・解答・○×組合せを確認。中国語はAIによる要約。現行法の逐条審査は未実施。
ibt2-006,ibt2-part1,問6｜個人情報（個人資料）,"Ｘ社は、フィットネスクラブを運営しており、会員情報をデータベース化して管理し、会員に対するメールマガジンの配信や健康に関する情報提供等を行っている。この場合に関する次のア〜エの記述のうち、個人情報保護法の規定に照らし、その内容が適切なものの組み合わせを①〜⑥の中から１つだけ選びなさい。
ア．Ｘ社のフィットネスクラブの会員Ｙが死亡した。この場合、Ｙに関する情報は、Ｙを識別することができるものであるときは、Ｙの個人情報に当たる。
イ．Ｘ社は、原則として、あらかじめ本人の同意を得ずに、その利用目的の達成に必要な範囲を超えて個人情報を取り扱ってはならない。
ウ．Ｘ社は、吸収合併によるＺ社への事業の承継に伴ってＺ社に個人データを提供する場合、あらかじめ本人の同意を得る必要はない。
エ．Ｘ社の会員情報に会員の病歴に関する情報が含まれていても、当該会員情報は要配慮個人情報には該当しない。",健康食品公司的會員資料：死者資料、超出利用目的的使用、因合併移轉資料，以及病史資料的分類。選出正確的兩個敘述組合。,"①アイ
②アウ
③アエ
④イウ
⑤イエ
⑥ウエ",4,4,"ア：×  個人情報とは、生存する個人に関する情報であり（個人情報保護法２条１項柱書）、死亡した個人に関する情報は、当該死亡した個人を識別することができるものであっても、当該死亡した個人の個人情報に当たらない。
イ：〇  個人情報取扱事業者は、原則として、あらかじめ本人の同意を得ずに、その利用目的の達成に必要な範囲を超えて個人情報を取り扱ってはならない（個人情報保護法 18 条）。
ウ：〇  合併その他の事由による事業の承継に伴って個人データが提供される場合において、当該個人データの提供を受ける者は、第三者に該当しない（個人情報保護法 27 条５項２号）。したがって、本肢の場合、Ｘ社は、Ｚ社に個人データを提供するにあたり、あらかじめ本人の同意を得る必要はない。
エ：×  要配慮個人情報とは、本人の人種、信条、社会的身分、病歴、犯罪の経歴、犯罪により害を被った事実その他本人に対する不当な差別、偏見その他の不利益が生じないようにその取扱いに特に配慮を要するものとして政令で定める記述等が含まれる個人情報をいう（個人情報保護法２条３項）。会員の病歴に関する情報が含まれている会員情報は、要配慮個人情報に該当する。",教材答案④，イ、ウ正確。原則上，超出利用目的使用資料需事先取得本人同意；合併等事業承繼中的資料提供，不視為提供給第三人。個人情報保護法的個人資料以生存者為對象；病史屬於需特別注意處理的要配慮個人情報。,,"IBT・CBT模擬問題2,原題6",mid,ok,unknown,user-supplied-material,,ＩＢＴ・ＣＢＴ対策模擬問題 2.docx,ＩＢＴ・ＣＢＴ対策模擬解答 2.docx,user-supplied-material,source-consistency-checked,2026-10-01,原題・選択肢・解答・○×組合せを確認。中国語はAIによる要約。現行法の逐条審査は未実施。
ibt2-007,ibt2-part1,問7｜電子商取引（電子交易）,"電子商取引に関する次のア〜エの記述のうち、その内容が適切なものの組み合わせを①〜⑥の中から１つだけ選びなさい。
ア．事業者Ｘは、インターネットを利用して、消費者Ｙとの間で特定商取引法上の通信販売に該当する方法でギターの売買契約を締結した。しかし、その後、Ｙは友人から別のギターを譲ってもらえることになり、当該ギターは不要になった。Ｘは当該ギターの広告に返品は認めない旨の表示をしていたが、Ｙは、当該ギターを受け取ってから８ 日以内であれば、特定商取引法に基づくクーリング・オフにより無条件で売買契約を解除し当該ギターを返品することができる。
イ．消費者Ｘは、未成年者であるにもかかわらず法定代理人の同意を得ずに、インターネットショッピングサイトにおける生年月日を入力する欄に虚偽の生年月日を入力するなどの詐術を用いて、自己を成年者であると偽って高額な買い物をした。この場合、民法上、消費者Ｘは、自己が制限行為能力者であることを理由として、当該売買契約における申込みの意思表示を取り消すことはできない。
ウ．消費者Ｘは、インターネットショッピングにより売主である事業者Ｙから石鹸を５個購入するつもりだったが、誤って50個と入力した。インターネット上の当該購入画面において、購入商品や金額についての最終確認表示がなかったため、Ｘは誤りに気付くことなくそのまま購入手続を終えてしまった。この場合、電子消費者契約法上、Ｘは、Ｙに対し、錯誤による申込みの取消しを主張することができない。
エ．事業者Ｘが開設したホームページ上の店舗において、９月１日に消費者Ｙが商品を購入する申込みをして、翌日、ＹのもとにＸから受注した旨のメールが届いた。民法上、この電子商取引による売買契約が成立するのは、受注した旨のメールがＹに届いた時点である。",網購是否有冷靜期、未成年人謊報年齡、缺少訂單最終確認畫面的誤操作，以及訂單成立時點。選出正確的兩個敘述組合。,"①アイ
②アウ
③アエ
④イウ
⑤イエ
⑥ウエ",5,5,"ア：×  特定商取引法上、通信販売には、クーリング・オフの制度は設けられていない。
イ：○  制限行為能力者が行為能力者であることを信じさせるため詐術を用いたときは、その行為を取り消すことができない（民法 21 条）。
ウ：×  表意者の重大な過失による錯誤の特例に関する電子消費者契約法の規定は、電子消費者契約の相手方である事業者が、消費者が行う電子消費者契約の申込みまたは承諾の意思表示に際して、電磁的方法によりその映像面を介して、その消費者の申込みもしくはその承諾の意思表示を行う意思の有無について確認を求める措置を講じた場合には、適用されない（電子消費者契約法３条但書）。本肢では、インターネット上の購入画面において購入商品や金額についての最終確認表示がなかったため、Ｘは、Ｙに対し、錯誤による申込みの取消しを主張することができる。
エ：○  電子商取引においても、契約は、申込みの意思表示に対して相手方が承諾をしたときに成立する（民法 522 条１項）。そして、意思表示は、その通知が相手方に到達した時からその効力を生ずる（到達主義、民法 97 条１項）。したがって、本肢の売買契約は、受注した旨のメールがＹに届いた時点で成立する。",教材答案⑤，イ、エ正確。限制行為能力者為使他人相信其具有完整行為能力而使用詐術時，不能據此撤銷；承諾通知到達時契約成立。通信販賣沒有法定クーリング・オフ制度；未設最終確認措施的題示情形，可主張因錯誤撤銷申請。,,"IBT・CBT模擬問題2,原題7",mid,ok,unknown,user-supplied-material,,ＩＢＴ・ＣＢＴ対策模擬問題 2.docx,ＩＢＴ・ＣＢＴ対策模擬解答 2.docx,user-supplied-material,source-consistency-checked,2026-10-01,原題・選択肢・解答・○×組合せを確認。中国語はAIによる要約。現行法の逐条審査は未実施。
ibt2-008,ibt2-part1,問8｜インサイダー取引（內線交易）,"Ａ社は、金融商品取引法上の上場会社等であり、間もなく新製品に関する公表を行う予定である。その新製品は、世の中のニーズに合うもので将来性も高く、Ａ社の株価を上昇させることが見込まれる。この場合に関する次のア〜エの記述のうち、その内容が適切なものを○、適切でないものを×としたときの組み合わせを①〜⑥の中から１つだけ選びなさい。
ア．Ａ社の役員ＢがＡ社の新製品の情報を自身の妻Ｃに伝えたところ、Ｃは、Ａ社の新製品情報の公表前にＡ社の株式を取得した。この場合、Ｃの行為は、金融商品取引法上のインサイダー取引に該当する。
イ．Ａ社の取引先であるＤ社の従業員Ｅは、Ａ社との間で新規の取引に向けて交渉を行っている際、Ａ社の新製品の発売公表前に当該情報を得て、当該情報の公表後にＡ社の株式を取得した。この場合、Ｅの行為は、金融商品取引法上のインサイダー取引に該当する。
ウ．Ａ社の従業員Ｆは、Ａ社の新製品の情報を知っているか否かに関わらず、Ａ社の新製品情報の公表前にＡ社の株式を取得した場合、当該株式の取得行為は、金融商品取引法上のインサイダー取引に該当する。
エ．金融商品取引法の違反行為には両罰規定が定められていないので、Ａ社の役員Ｇが金融商品取引法上のインサイダー取引を行った場合に刑事罰の対象となるのはＧのみであり、Ａ社が刑事罰の対象となることはない。",上市公司即將公布新產品：收到未公開消息、公告後買股、不知情買股，以及法人與主管的處罰。將ア～エ判為○／×，選出對應組合。,"①ア－○    イ－○    ウ－○    エ－○
②ア－○    イ－○    ウ－○    エ－×
③ア－○    イ－×    ウ－×    エ－×
④ア－×    イ－○    ウ－○    エ－○
⑤ア－×    イ－×    ウ－×    エ－○
⑥ア－×    イ－×    ウ－×    エ－×",3,3,"ア：〇  会社関係者から業務等に関する重要事実の伝達を受けた者は、インサイダー取引の主体となり得る（金融商品取引法 166 条３項）。本肢のＣは、会社関係者であるＢから重要事実の伝達を受け、その公表前にＡ社の株式を取得している。したがって、Ｃの行為は、インサイダー取引に該当する。
イ：×  重要事実の公表後に株式を取得しても、インサイダー取引には該当しない（金融商品取引法 166 条１項柱書等）。
ウ：×  重要事実を知らずに株式を取得しても、インサイダー取引には該当しない（金融商品取引法 166 条１項柱書等）。
エ：×  金融商品取引法の違反行為には、両罰規定が定められており（金融商品取引法 207 条）、法人の役員がインサイダー取引を行った場合、当該役員が刑事罰の対象となるほか、当該法人も刑事罰の対象となることがある。",教材答案③，ア正確，イ・ウ・エ錯誤。由公司關係人取得重大未公開消息者，也可能成為內線交易主體；消息公開後或不知情時買股，不符合題示內線交易情形。法人主管違法時，除個人外，法人也可能受到刑罰。,,"IBT・CBT模擬問題2,原題8",mid,ok,unknown,user-supplied-material,,ＩＢＴ・ＣＢＴ対策模擬問題 2.docx,ＩＢＴ・ＣＢＴ対策模擬解答 2.docx,user-supplied-material,source-consistency-checked,2026-10-01,原題・選択肢・解答・○×組合せを確認。中国語はAIによる要約。現行法の逐条審査は未実施。
ibt2-009,ibt2-part1,問9｜抵当権（抵押權）,Ａ社は、自己の所有する甲土地および甲土地上の乙建物について、Ｂ銀行のために共同抵当権を設定し、その旨の登記を経た。この場合の法律関係に関する次の①～④の記述のうち、民法の規定に照らし、その内容が適切なものを２つ選びなさい。,同一所有人的土地與建物共同設定抵押後，判斷法定地上權、共同抵押的拍賣方式、租客遷出期限及火災保險金的物上代位。選出兩個正確選項。,"①抵当権設定後、甲土地についてのみ抵当権が実行され、Ｃ社がこれを買い受けた。この場合、乙建物の所有者であるＡ社は、乙建物のために甲土地の上に法定地上権を取得する。
②Ａ社は、本件共同抵当権の設定後、Ｄ社に対して負う金銭債務の担保とするため、乙建物に抵当権を設定した。この場合、Ｂ銀行は、本件共同抵当権を実行する場合、後順位抵当権者のいない甲土地に設定を受けた抵当権を実行しなければならない。
③Ａ社は、抵当権設定後、Ｅ社との間で乙建物をＥ社に賃貸する旨の賃貸借契約を締結し、乙建物を引き渡した。Ｂ銀行が本件抵当権を実行した場合、Ｅ社は、買受人に対し、直ちに乙建物を明け渡さなければならない。
④抵当権設定後、第三者の放火により乙建物が滅失し、Ａ社は、火災保険金請求権を取得した。この場合、Ｂ銀行は、本件抵当権に基づく物上代位権を行使して、当該火災保険金請求権についてＡ社に払渡しがなされる前にこれを差し押さえ、優先的に自己の債権の弁済を受けることができる。","1,4",1+4,"①：○  土地およびその上に存する建物が同一の所有者に属する場合において、その土地または建物につき抵当権が設定され、その実行により所有者を異にするに至ったときは、その建物について、地上権が設定されたものとみなされる（民法 388 条前段）。
②：×  共同抵当において、抵当権者は、抵当権の実行に際し、同時に複数の不動産につき競売の申立てをすること（同時配当）も、ある不動産についてのみ競売の申立てをすること（異時配当）も、可能である（民法 392 条参照）。
③：×  抵当権者に対抗することができない建物の賃借人は、競売手続の開始前に建物の使用または収益をしていれば、抵当権の実行により建物が競売されても、原則として、その建物の競売における買受人の買受けの時から６か月を経過するまでは明渡しを猶予されるため（民法 395 条）、買受人に対し、直ちに建物を明け渡す必要はない。
④：〇  抵当権者は、抵当目的物の売却、賃貸、滅失または損傷によって債務者が受けるべき金銭その他の物に対しても、物上代位権を行使して、その払渡しまたは引渡しの前にこれを差し押さえ、優先的に自己の債権の弁済を受けることができる（民法 372 条・304 条）。",教材答案①＋④，兩個都要選。抵押執行使原本同一所有人的土地與建物分屬不同人時，可能成立法定地上權；抵押權人可在保險金給付前扣押並行使物上代位。共同抵押可同時或先後拍賣；符合題示條件的建物租客原則上有6個月遷出緩期。,,"IBT・CBT模擬問題2,原題9",mid,ok,unknown,user-supplied-material,,ＩＢＴ・ＣＢＴ対策模擬問題 2.docx,ＩＢＴ・ＣＢＴ対策模擬解答 2.docx,user-supplied-material,source-consistency-checked,2026-10-01,原題・選択肢・解答・○×組合せを確認。中国語はAIによる要約。現行法の逐条審査は未実施。
ibt2-010,ibt2-part1,問10｜債権譲渡（債權讓與）,"Ａ社は、Ｂ社に対して1000万円の金銭債権（Ｘ債権）を有しており、Ｂ社は、Ｃ社に対して1000万円の金銭債権（Ｙ債権）を有している。この場合に関する次のア〜エの記述のうち、民法の規定に照らし、その内容が適切なものの組み合わせを①〜⑥の中から１つだけ選びなさい。
ア．Ｂ社は、Ａ社との合意がなくても、Ｘ債権の代物弁済として、Ｙ債権をＡ社に譲り渡し、Ｘ債権を消滅させることができる。
イ．Ｙ債権について、Ｃ社がＢ社に対する同時履行の抗弁権を有している場合において、Ａ社が、Ｂ社から、Ｙ債権について取立ての委任を受けた。この場合において、Ａ社が同時履行の抗弁権の存在につき善意であったときは、Ｃ社は、当該同時履行の抗弁権を行使してＡ社からの取立てを拒むことはできない。
ウ．Ｂ社は、Ａ社にＹ債権を譲渡し、その旨を確定日付のある証書によりＣ社に通知した。その後、Ｂ社は、Ｄ社にもＹ債権を譲渡し、その旨を確定日付のある証書によりＣ社に通知した。この場合において、Ａ社にＹ債権を譲渡した旨の通知が、Ｄ社にＹ債権を譲渡した旨の通知よりも先にＣ社に到達したときは、Ａ社は、本件債権譲渡をＤ社に対抗することができる。
エ．Ｙ債権について、第三者に対する譲渡を禁止する旨の譲渡禁止特約が付されている場合において、Ｂ社は、Ａ社にＹ債権を譲渡し、その旨をＣ社に通知した。この場合において、当該譲渡禁止特約につきＡ社が悪意であったときは、Ｃ社は、Ａ社からＹ債権の履行を請求されても、その債務の履行を拒むことができる。",A對B、B對C各有債權。判斷代物清償、委託收款、重複讓與的優先順序，以及禁止讓與特約。選出正確的兩個敘述組合。,"①アイ
②アウ
③アエ
④イウ
⑤イエ
⑥ウエ",6,6,"ア：×  代物弁済は契約であり（民法 482 条）、Ｂ社は、Ａ社との合意がなければ、Ｘ債権の代物弁済として、Ｙ債権をＡ社に譲り渡し、Ｘ債権を消滅させることができない。
イ：×  取立ての委任によって取立ての対象となる債権に関する法律関係は何ら影響を受けないため、債務者は、同時履行の抗弁権など、債権者に対して主張できる事由がある場合には、これを主張して取立てを拒むことができる。
ウ：〇  譲渡人から債務者への確定日付のある証書による債権譲渡の通知は、債務者以外の第三者に対する債権譲渡の対抗要件となる（民法 467 条２項）。確定日付のある証書による通知が複数ある場合、その優劣は、通知が債務者の下に到達した日を基準として、その先後で優劣が判断される（判例）。本肢では、Ａ社にＹ債権を譲渡した旨の通知が、Ｄ社にＹ債権を譲渡した旨の通知よりも先にＣ社に到達しており、Ａ社は、本件債権譲渡をＤ社に対抗することができる。
エ：〇  当事者が債権の譲渡を禁止し、または制限する旨の意思表示（譲渡制限の意思表示）をしたときであっても、債権の譲渡は、その効力を妨げられないが、譲渡制限の意思表示がされたことを知り、または重大な過失によって知らなかった譲受人その他の第三者に対しては、債務者は、その債務の履行を拒むことができ、かつ、譲渡人に対する弁済その他の債務を消滅させる事由をもってその第三者に対抗することができる（民法 466 条２項３項）。",教材答案⑥，ウ、エ正確。多次讓與均以有確定日期的書面通知時，依通知到達債務人的先後判斷優劣。禁止讓與特約不使讓與失效，但對知情或重大過失的受讓人，債務人可拒絕履行。代物清償需合意；委託收款不消除債務人的原有抗辯。,,"IBT・CBT模擬問題2,原題10",mid,ok,unknown,user-supplied-material,,ＩＢＴ・ＣＢＴ対策模擬問題 2.docx,ＩＢＴ・ＣＢＴ対策模擬解答 2.docx,user-supplied-material,source-consistency-checked,2026-10-01,原題・選択肢・解答・○×組合せを確認。中国語はAIによる要約。現行法の逐条審査は未実施。
ibt2-011,ibt2-part2,問11｜保全・執行（保全與執行）,"民事保全法および民事執行法に関する次のア〜エの記述のうち、その内容が適切なものを○、適切でないものを×とした場合の組み合わせを①〜⑧の中から１つだけ選びなさい。
ア．Ａ社は、Ｂ社に対して弁済期未到来の 2000 万円の貸金債権を有しているが、Ｂ社の信用状況が急激に悪化しており、弁済期には当該貸金債権の弁済を受けられなくなる可能性が高い状況にある。この場合、Ａ社は、当該貸金債権の弁済期が到来する前であっても、当該貸金債権を被保全債権として、Ｂ社の所有する財産に対し仮差押えを行うことができることがある。
イ．Ａ社は、自社の所有するＸ建物の登記名義が無断でＢ社に移転していることを発見した。この場合、Ａ社は、抹消登記手続請求権を被保全権利として、Ｂ社に対しＸ建物の処分を禁止する処分禁止の仮処分命令を得ることができる。
ウ．Ａ社は、自社の所有するＸ建物をＢ社に賃貸しているが、Ｂ社が賃料の支払いを延滞しているため、Ｂ社と交渉を行ったところ、Ｂ社との間で来月末に未払賃料の全額を支払う旨の和解が成立した。Ａ社は、当該和解について契約書を作成し、かつ、当該契約書に未払賃料の支払いについての強制執行認諾文言が付されていれば、当該契約書を債務名義として未払賃料の支払いの強制執行をすることができる。
エ．Ａ社は、Ｂ社に対して有する１ 億円の貸金債権について強制執行の申立てを行い、Ｂ社の所有する不動産を差し押さえた。この場合、Ｂ社に対して 5000 万円の売掛金債権を有するＣ社は、Ｂ社に対する債務名義を有しているときは、二重差押えまたは配当要求をすることにより、当該不動産から配当を受けることができる。",判斷未到期債權的假扣押、登記塗銷請求的假處分、和解書是否可直接執行，以及參與不動產拍賣分配。將ア～エ判為○／×。,"①ア－○    イ－○    ウ－○    エ－○
②ア－○    イ－○    ウ－○    エ－×
③ア－○    イ－○    ウ－×    エ－○
④ア－○    イ－×    ウ－×    エ－○
⑤ア－×    イ－○    ウ－○    エ－×
⑥ア－×    イ－×    ウ－○    エ－×
⑦ア－×    イ－×    ウ－×    エ－○
⑧ア－×    イ－×    ウ－×    エ－×",3,3,"ア：〇  被保全債権が弁済期未到来の金銭債権であっても、仮差押えの必要性が認められれば、仮差押えを行うことができる（民事保全法 20 条）。
イ：〇  抹消登記手続請求権は金銭債権以外の債権であり、その保全のために、処分禁止の仮処分命令を得ることができる（民事保全法 23 条）。
ウ：×  和解契約書に強制執行認諾文言が付されていても、債務名義とはならない（民事執行法 22 条参照）。
エ：○  不動産に対する強制執行手続において、債務名義を有する一般債権者は、二重差押えまたは配当要求をすることにより、当該不動産から配当を受けることができる（民事執行法 87 条１項１号２号・47 条・51 条）。",教材答案③，ア・イ・エ正確，ウ錯誤。未到期金錢債權仍可在有保全必要時假扣押；登記塗銷請求可用禁止處分的假處分保全。一般和解契約書加上同意強制執行文字，並不因此成為執行名義；持有執行名義的債權人可依程序參與分配。,,"IBT・CBT模擬問題2,原題11",mid,ok,unknown,user-supplied-material,,ＩＢＴ・ＣＢＴ対策模擬問題 2.docx,ＩＢＴ・ＣＢＴ対策模擬解答 2.docx,user-supplied-material,source-consistency-checked,2026-10-01,原題・選択肢・解答・○×組合せを確認。中国語はAIによる要約。現行法の逐条審査は未実施。
ibt2-012,ibt2-part2,問12｜破産（破產）,"Ｘは夫と離婚した後、自身の子どもと２人で生活をしていたが、離婚した夫からは養育費の支払いがなく、Ｘの収入のみでの生活を余儀なくされていた。Ｘは慢性的な生活費不足に陥り、持っていたクレジットカードで借入れをするようになった。Ｘは、返済の余裕はなく、返済のためにまた借入れをするという状態が続き、借入金の総額は300万円にまで膨らんだため、弁護士Ｙに相談をして自己破産のため破産手続開始の申立てを依頼した。この場合に関する次のア〜エの記述のうち、破産法の規定に照らし、その内容が適切なものの個数を①〜⑤の中から１つだけ選びなさい。
ア．Ｘが所有している貴金属に動産売買の先取特権を有するＡ社は、Ｘの破産手続に関係なく、当該先取特権を実行して債権回収を図ることができる。
イ．Ｘに財産がなく、破産手続に要する費用を捻出することができない場合、破産手続開始決定と同時に破産手続を終了させる同時廃止が認められる。
ウ．Ｘの債権者であるクレジット会社のＢ社は、Ｘの給与を差し押さえるため強制執行を申し立てることを検討している。この場合、Ｂ社は、Ｘの破産手続開始の申立て前に仮執行宣言付支払督促を得ていれば、Ｘにつき破産手続開始決定がなされた後に、これに基づき強制執行を申し立てることができる。
エ．Ｘの債権者であるクレジット会社のＣ社は、担当者のミスにより、債権届出書をＸの破産手続開始決定時に定められた期日を過ぎても提出していなかった。この場合でも、Ｃ社は、配当が実施されるまではなお債権の届出をすることができる。",離婚後獨力扶養孩子的X考慮破產。判斷動產買賣先取特權、財產不足支付程序費用、破產後的強制執行，以及債權申報期限。選出正確敘述個數。,"①０ 個
②１ 個
③２ 個
④３ 個
⑤４ 個",3,3,"ア：〇  動産売買の先取特権は別除権に該当し、別除権は、破産手続によらないで行使することができる（破産法２条９項・65 条１項）。
イ：〇  裁判所は、破産財団をもって破産手続の費用を支弁するのに不足すると認めるときは、破産手続開始の決定と同時に、破産手続廃止の決定をしなければならない（同時廃止、破産法 216 条１項）。
ウ：×  破産手続開始の決定があった場合には、破産財団に属する財産に対する強制執行で、破産債権に基づくものは、することができない（破産法 42 条１項）。
エ：×  破産債権の届出は、破産手続開始決定時に定められた債権届出期間内にしなければならず、破産債権者がその責めに帰することができない事由によって破産債権の届出をすることができなかった場合を除き、以後破産債権の届出をすることはできない（破産法 111 条・112 条）。",教材答案③，正確有2個：ア、イ。動產買賣先取特權屬別除權，可在破產程序外行使；財產不足支付程序費用時，原則上同時宣告開始及廢止破產程序。破產開始後不能任意另行強制執行；債權申報原則上須在期限內，例外另有條件。,,"IBT・CBT模擬問題2,原題12",mid,ok,unknown,user-supplied-material,,ＩＢＴ・ＣＢＴ対策模擬問題 2.docx,ＩＢＴ・ＣＢＴ対策模擬解答 2.docx,user-supplied-material,source-consistency-checked,2026-10-01,原題・選択肢・解答・○×組合せを確認。中国語はAIによる要約。現行法の逐条審査は未実施。
ibt2-013,ibt2-part2,問13｜民事訴訟（民事訴訟）,"民事訴訟手続に関する次のア～エの記述のうち、民事訴訟法の規定に照らし、その内容が適切なものを○、適切でないものを×とした場合の組み合わせを①～⑥の中から１つだけ選びなさい。
ア．被告は、裁判所から第１回口頭弁論期日の呼出しおよび答弁書提出期限の指定を受けたが、これを無視して答弁書を提出せず、第１回口頭弁論期日を欠席した。この場合、当該被告が反論を一度も行っていないので、裁判所は、口頭弁論を終結して、原告の請求を認容する旨の判決を下すことはできない。
イ．原告からの訴えの提起に対し、被告が応訴して、口頭弁論が開始した。この場合、当該原告は、たとえ当該被告の同意を得ても、口頭弁論の終結前に当該訴えを取り下げることはできない。
ウ．口頭弁論期日において、被告は、原告が主張する請求原因事実の１つについて知らない旨の答弁をした。この場合、当該被告は、当該請求原因事実を争ったものと推定される。
エ．裁判所は、判決をするにあたり、口頭弁論の全趣旨および証拠調べの結果をしん酌して、自由な心証により事実認定を行う。",被告不答辯也不到庭、原告撤回起訴、不知道對方主張的事實，以及法院如何判斷證據。將ア～エ判為○／×。,"①ア－○    イ－○    ウ－○    エ－○
②ア－○    イ－○    ウ－○    エ－×
③ア－○    イ－×    ウ－×    エ－×
④ア－×    イ－○    ウ－×    エ－○
⑤ア－×    イ－×    ウ－○    エ－○
⑥ア－×    イ－×    ウ－×    エ－×",5,5,"ア：×  被告が、答弁書を提出せず、第１回口頭弁論期日を欠席した場合、訴状記載の請求を認めたものとして取り扱われ（民事訴訟法 159 条３項・１項）、口頭弁論が終結して、原告の請求を認容する旨の判決が下される。
イ：×  原告は、被告の同意を得ることができれば、被告が本案について準備書面を提出し、弁論準備手続において申述をし、または口頭弁論をした後にあっても、訴えを取り下げることができる（民事訴訟法 261 条２項本文）。
ウ：○  相手方の主張した事実を知らない旨の陳述をした者は、その事実を争ったものと推定される（民事訴訟法 159 条２項）。
エ：〇  裁判所は、判決をするにあたり、口頭弁論の全趣旨および証拠調べの結果をしん酌して、自由な心証により、事実についての主張を真実と認めるべきか否かを判断する（自由心証主義、民事訴訟法 247 条）。",教材答案⑤，ウ、エ正確。對對方主張的事實表示不知道，推定為爭執；法院依全部辯論與證據自由判斷事實。不答辯且首次開庭不到場的題示情形，會按承認主張處理；被告已進行本案攻防後，取得其同意仍可撤回起訴。,,"IBT・CBT模擬問題2,原題13",mid,ok,unknown,user-supplied-material,,ＩＢＴ・ＣＢＴ対策模擬問題 2.docx,ＩＢＴ・ＣＢＴ対策模擬解答 2.docx,user-supplied-material,source-consistency-checked,2026-10-01,原題・選択肢・解答・○×組合せを確認。中国語はAIによる要約。現行法の逐条審査は未実施。
ibt2-014,ibt2-part2,問14｜少額訴訟（小額訴訟）,"民事訴訟法上の少額訴訟に関する次のア〜エの記述のうち、その内容が適切なものの組み合わせを①〜⑥の中から１つだけ選びなさい。
ア．少額訴訟において、裁判所は、請求を認容する判決をする場合において、被告の資力その他の事情を考慮して特に必要があると認めるときは、認容する請求に係る金銭の支払いについて、支払時期の定めをして支払いの猶予を定めることができるが、分割払いの定めをすることはできない。
イ．訴訟の目的の価額が60 万円を超える訴えであっても、当事者の合意があれば、当事者は簡易裁判所に対し少額訴訟による審理および裁判を求めることができる。
ウ．少額訴訟は、金銭の支払いの請求を目的とする訴えについてのみ提起することができる。
エ．少額訴訟については、同一の簡易裁判所において同一の年に一定回数を超えて同一人が利用することはできない。",判斷日本小額訴訟能否分期支付、60萬日圓上限、是否限於金錢請求，以及同年使用次數限制。選出正確的兩個敘述組合。,"①アイ
②アウ
③アエ
④イウ
⑤イエ
⑥ウエ",6,6,"ア：×  裁判所は、請求を認容する判決をする場合において、被告の資力その他の事情を考慮して特に必要があると認めるときは、判決の言渡しの日から３年を超えない範囲内において、認容する請求に係る金銭の支払いについて、その時期の定めまたは分割払いの定めをすることができる（民事訴訟法 375 条１項）。
イ：×  訴訟の目的の価額が 60 万円以下の金銭の支払いの請求を目的とする訴えに限り、簡易裁判所に対し、少額訴訟による審理および裁判を求めることができる（民事訴訟法 368 条１項本文）。
ウ：〇  少額訴訟を提起することができるのは、訴訟の目的の価額が 60 万円以下の金銭の支払いの請求を目的とする訴えについてのみである（民事訴訟法368 条１項本文）。
エ：〇  少額訴訟については、同一の簡易裁判所において同一の年に 10 回を超えて同一人が利用することはできない（民事訴訟法 368 条１項但書、民事訴訟規則 223 条）。",教材答案⑥，ウ、エ正確。小額訴訟限於60萬日圓以下的金錢請求；同一人在同一簡易法院同一年，不能超過10次。法院可在法定3年範圍內定支付時點或分期；不能只因雙方同意就突破金額上限。,,"IBT・CBT模擬問題2,原題14",mid,ok,unknown,user-supplied-material,,ＩＢＴ・ＣＢＴ対策模擬問題 2.docx,ＩＢＴ・ＣＢＴ対策模擬解答 2.docx,user-supplied-material,source-consistency-checked,2026-10-01,原題・選択肢・解答・○×組合せを確認。中国語はAIによる要約。現行法の逐条審査は未実施。
ibt2-015,ibt2-part2,問15｜企業犯罪（企業相關犯罪）,企業活動に関わる犯罪に関する次の①〜④の記述のうち、その内容が適切なものを２つ選びなさい。,判斷未交付委託交易法定文件、散布假消息損害信用、行賄，以及不正取得個人資料，哪些題示行為可能受到刑事處罰。選出兩個正確選項。,"①「製造委託等に係る中小受託事業者に対する代金の支払の遅延等の防止に関する法律」（中小受託取引適正化法）上の委託事業者であるＡ社が、同法上の中小受託事業者であるＢ社に対し製造委託等をした際に、Ａ社の担当者Ｃは、Ｂ社に同法所定の書面等を交付または提供しなかった。この場合、Ｃだけでなく、Ａ社にも同法に基づき刑事罰が科される可能性がある。
②Ｄ社の取締役Ｅは、自社と競争関係にあるＦ社の営業上の信用を害する虚偽の事実を流布した。この場合、刑法上、Ｅは、刑事罰を科される可能性がある。
③Ｇ社の取締役Ｈは、自社の事業を主管する官庁の職員Ｉに、自社の便宜を図ってもらうため、多額の金銭を供与した。この場合、刑法上、Ｈは刑事罰を科される可能性はないが、Ｉは刑事罰を科される可能性がある。
④個人情報保護法上の個人情報取扱事業者であるＪ社は、偽りその他不正の手段により個人情報を取得した。この場合、Ｊ社は、当該違法な個人情報の取扱いを理由に、個人情報保護法に基づき刑事罰を科される可能性がある。","1,2",1+2,"①：○  中小受託取引適正化法上、委託事業者が、中小受託事業者に対し製造委託等をした際に、所定の書面等を交付または提供しなかった場合、両罰規定により、従業者だけでなく、法人にも刑事罰が科される可能性がある（中小受託取引適正化法 14 条・16 条）。
②：〇  虚偽の風説を流布して、人の信用を毀損した者には信用毀損罪が成立し、刑事罰を科される可能性がある（刑法 233 条前段）。
③：×  公務員が、その職務に関し、賄賂を収受したときは収賄罪が成立し、刑事罰を科される可能性がある（刑法 197 条１項）。他方、賄賂を供与した者には贈賄罪が成立し、刑事罰を科される可能性がある（刑法 198 条）。
④：×  個人情報保護法上、個人情報の不正取得について、刑事罰は定められていない。",教材答案①＋②，兩個都要選。題示未交付法定文件的情形，經辦人與法人均可能依兩罰規定受罰；散布虛假消息損害信用，可能成立信用毀損罪。行賄者也可能犯罪；教材指出個人情報保護法對題示不正取得行為未直接設刑罰，不能把其他違法情形一併混同。,,"IBT・CBT模擬問題2,原題15",mid,ok,unknown,user-supplied-material,,ＩＢＴ・ＣＢＴ対策模擬問題 2.docx,ＩＢＴ・ＣＢＴ対策模擬解答 2.docx,user-supplied-material,source-consistency-checked,2026-10-01,原題・選択肢・解答・○×組合せを確認。中国語はAIによる要約。現行法の逐条審査は未実施。
ibt2-016,ibt2-part2,問16｜募集設立（公司募集設立）,"Ｘは自分一人が発起人となって、募集設立の方法により甲株式会社を設立する準備を進めている。この場合に関する次のア〜エの記述のうち、会社法の規定に照らし、その内容が適切なものの組み合わせを①〜⑥の中から１つだけ選びなさい。
ア． 発起人Ｘの友人Ｙは、Ｘが行った株式の募集をする旨の広告に、自己の氏名とともに甲社設立を賛助する旨を記載した。この場合、Ｙは、Ｘが任務を怠ったことにより甲社に損害を生じさせれば、Ｘと連帯して損害賠償責任を負う。
イ．甲社の定款は、発起人Ｘが会社法で定められた事項を記載して作成し、これに記名押印をした時点で効力を生じる。
ウ．甲社の設立時役員等は、創立総会における決議により選任される。
エ．甲社は、設立手続により社団としての実体が形成された時点で成立する。",X以募集設立方式成立股份公司。判斷公開贊助設立者的責任、章程生效、創立總會選任人員，以及公司成立時點。選出正確的兩個敘述組合。,"①アイ
②アウ
③アエ
④イウ
⑤イエ
⑥ウエ",2,2,"ア：〇  募集設立の場合において、募集の広告その他当該募集に関する書面または電磁的記録に自己の氏名または名称および株式会社の設立を賛助する旨を記載し、または記録することを承諾した者（発起人を除く）は、発起人とみなされ、会社法上、一定の責任を負う（擬似発起人、会社法 103 条４項）。
イ：×  定款は、公証人の認証を受けなければ、その効力を生じない（会社法 30条１項）。
ウ：〇  募集設立の場合、設立時役員等は、創立総会における決議により選任される（会社法 88 条１項）。
エ：×  株式会社は、その本店の所在地において設立の登記をすることによって成立する（会社法 49 条）",教材答案②，ア、ウ正確。符合題示公開賛助設立情形者，可能負擬似發起人責任；募集設立的設立時役員等由創立總會選任。章程須經公證人認證；公司在本店所在地完成設立登記時成立。,,"IBT・CBT模擬問題2,原題16",mid,ok,unknown,user-supplied-material,,ＩＢＴ・ＣＢＴ対策模擬問題 2.docx,ＩＢＴ・ＣＢＴ対策模擬解答 2.docx,user-supplied-material,source-consistency-checked,2026-10-01,原題・選択肢・解答・○×組合せを確認。中国語はAIによる要約。現行法の逐条審査は未実施。
ibt2-017,ibt2-part2,問17｜株主総会（股東會）,"取締役会設置会社であるＡ株式会社における株主総会の開催に関する次のア〜エの記述のうち、会社法の規定に照らし、その内容が適切なものの組み合わせを①〜⑥の中から１つだけ選びなさい。
ア．Ａ社が会社法上の公開会社ではない場合、Ａ社は、株主総会を開催するには、株主総会の招集通知を会日の２ 週間前までに発しなければならない。
イ．Ａ社の取締役Ｂが、株主総会の目的である社外取締役の選任に関する事項について提案をした場合において、当該提案につきＡ社の株主の全員が書面または電磁的記録により同意の意思表示をしたときは、当該提案を可決する旨の株主総会の決議があったものとみなされる。
ウ．Ａ社において株主総会を開催する場合における普通決議は、議決権を行使することができる株主の議決権の過半数を有する株主が出席しなければ行うことができず、Ａ社は、定款の定めによっても、この過半数という要件を変更することはできない。
エ．Ａ社は、例えば３月 31 日を基準日と定め、当該基準日において株主名簿に記録されている株主を、所定の期間内に開催されるＡ社の定時株主総会において議決権を行使することができる者と定めることができる。",判斷非公開公司的召集期限、全體股東書面同意、普通決議的出席門檻，以及股東名簿基準日。選出正確的兩個敘述組合。,"①アイ
②アウ
③アエ
④イウ
⑤イエ
⑥ウエ",5,5,"ア：×  会社法上の公開会社ではない株式会社にあっては、原則として、株主総会の招集通知を株主総会の日の 1 週間前までに発しなければならない（会社法 299条１項かっこ書）。
イ：〇  取締役が株主総会の目的である事項について提案をした場合において、当該提案につき株主の全員が書面または電磁的記録により同意の意思表示をしたときは、当該提案を可決する旨の株主総会の決議があったものとみなされる（会社法 319 条１項）。
ウ：×  株主総会における普通決議は、議決権を行使することができる株主の議決権の過半数を有する株主が出席し、出席した当該株主の議決権の過半数をもって行われるが、定款で別段の定めをすることができる（会社法 309 条１項）。
エ：〇  株式会社は、一定の日を基準日と定め、基準日において株主名簿に記載され、または記録されている株主をその権利を行使することができる者と定めることができる（会社法 124 条１項）。",教材答案⑤，イ、エ正確。全體股東書面或電磁紀錄同意董事的提案，可視為通過決議；可設定基準日以確定權利行使者。非公開公司召集通知原則上為會日前1週；普通決議的定足數可以章程另作規定。,,"IBT・CBT模擬問題2,原題17",mid,ok,unknown,user-supplied-material,,ＩＢＴ・ＣＢＴ対策模擬問題 2.docx,ＩＢＴ・ＣＢＴ対策模擬解答 2.docx,user-supplied-material,source-consistency-checked,2026-10-01,原題・選択肢・解答・○×組合せを確認。中国語はAIによる要約。現行法の逐条審査は未実施。
ibt2-018,ibt2-part2,問18｜役員・監査（公司人員與審計）,"株式会社の役員等に関する次のア〜エの記述のうち、会社法の規定に照らし、その内容が適切なものを○、適切でないものを×とした場合の組み合わせを①〜⑧の中から１つだけ選びなさい。
ア．会計参与は、その職務を行うため必要があるときは、会計参与設置会社の子会社に対して会計に関する報告を求め、または当該子会社の業務および財産の状況の調査をすることができる。
イ．会計参与は、執行役および取締役等に対して会計に関する報告を求めることができるが、会計参与設置会社の会計帳簿等の閲覧および謄写をすることはできない。
ウ．取締役会設置会社の監査役は、原則として、取締役会に出席し、必要があると認めるときは、意見を述べなければならない。
エ．会計監査人は、会社の役員には含まれず、その主たる職責は、会社の計算書類およびその附属明細書等の監査をすることである。",判斷會計參與人對子公司查核、會計帳簿閱覽、監查役出席董事會，以及會計監查人的身分。將ア～エ判為○／×。,"①ア－○    イ－○    ウ－○    エ－○
②ア－○    イ－○    ウ－○    エ－×
③ア－○    イ－○    ウ－×    エ－○
④ア－○    イ－×    ウ－○    エ－○
⑤ア－×    イ－○    ウ－×    エ－×
⑥ア－×    イ－×    ウ－○    エ－×
⑦ア－×    イ－×    ウ－×    エ－○
⑧ア－×    イ－×    ウ－×    エ－×",4,4,"ア：〇  会計参与は、その職務を行うため必要があるときは、会計参与設置会社の子会社に対して会計に関する報告を求め、または当該子会社の業務および財産の状況の調査をすることができる（会社法 374 条３項）。
イ：×  会計参与は、いつでも、会計帳簿またはこれに関する資料の閲覧および謄写をし、または取締役および支配人その他の使用人に対して会計に関する報告を求めることができる（会社法 374 条２項）。
ウ：〇  取締役会設置会社の監査役は、原則として、取締役会に出席し、必要があると認めるときは、意見を述べなければならない（会社法 383 条）。
エ：〇  会計監査人は、株式会社の役員には含まれず（会社法 329 条１項参照）、その主たる職責は、株式会社の計算書類およびその附属明細書等の監査をすることである（会社法 396 条１項）。",教材答案④，ア・ウ・エ正確，イ錯誤。會計參與人必要時可要求子公司提供會計報告並調查，也能閱覽及抄寫帳簿；監查役原則上應出席董事會並在必要時發言。會計監查人不屬公司法所稱役員，主要負責會計文件審計。,,"IBT・CBT模擬問題2,原題18",mid,ok,unknown,user-supplied-material,,ＩＢＴ・ＣＢＴ対策模擬問題 2.docx,ＩＢＴ・ＣＢＴ対策模擬解答 2.docx,user-supplied-material,source-consistency-checked,2026-10-01,原題・選択肢・解答・○×組合せを確認。中国語はAIによる要約。現行法の逐条審査は未実施。
ibt2-019,ibt2-part2,問19｜労働組合（工會）,"労働組合に関する次のア～エの記述のうち、労働組合法の規定に照らし、その内容が適切なものの組み合わせを①～⑥の中から１つだけ選びなさい。
ア．Ａ株式会社には労働組合が存在しないため、Ａ社の労働者Ｂは、労働組合を結成することとした。この場合において、Ｂは、労働組合を結成するためには、Ａ社に労働組合を結成する旨を届け出て、Ａ社の承認を受けなければならない。
イ．Ａ株式会社に存在するＢ労働組合は、Ａ社との間で労働協約を締結し、Ａ社の事業場に常時使用される同種の労働者の４分の３以上が当該労働協約の適用を受けるに至った。この場合であっても、Ｂ労働組合を構成しないＡ社の他の同種の労働者には、当該労働協約は適用されない。
ウ．Ａ株式会社に存在するＢ労働組合は、労働条件についてＡ社と交渉し、有効期間を 10 年とする労働協約を締結した。この場合、当該労働協約は、３年の有効期間の定めをしたものとみなされる。
エ．Ａ株式会社において不当労働行為に該当する行為がなされた場合、Ａ社の労働者Ｂは、その旨を労働委員会に申し立てることができる。",判斷成立工會需不需要公司批准、勞動協約是否及於非會員、10年期限的效力，以及不當勞動行為的申訴。選出正確的兩個敘述組合。,"①アイ
②アウ
③アエ
④イウ
⑤イエ
⑥ウエ",6,6,"ア：×  株式会社において労働組合を結成する場合、労働者は、株式会社に労働組合を結成する旨を届け出て、その承認を受ける必要はない。
イ：×  １つの工場事業場に常時使用される同種の労働者の４分の３以上の数の労働者が１つの労働協約の適用を受けるに至ったときは、当該工場事業場に使用される他の同種の労働者に関しても、当該労働協約が適用される（一般的拘束力、労働組合法 17 条）。
ウ：〇  ３年を超える有効期間の定めをした労働協約は、３年の有効期間の定めをした労働協約とみなされる（労働組合法 15 条２項）。
エ：〇  不当労働行為に該当する行為がなされた場合、労働者は、その旨を労働委員会に申し立てることができる（労働組合法 27 条１項）。",教材答案⑥，ウ、エ正確。勞動協約約定超過3年者視為3年；不當勞動行為可向勞動委員會申訴。成立工會不需公司批准；同一事業場同種勞工已有四分之三以上適用協約時，協約可及於其他同種勞工。,,"IBT・CBT模擬問題2,原題19",mid,ok,unknown,user-supplied-material,,ＩＢＴ・ＣＢＴ対策模擬問題 2.docx,ＩＢＴ・ＣＢＴ対策模擬解答 2.docx,user-supplied-material,source-consistency-checked,2026-10-01,原題・選択肢・解答・○×組合せを確認。中国語はAIによる要約。現行法の逐条審査は未実施。
ibt2-020,ibt2-part2,問20｜国際取引（國際交易）,"次のア〜エの記述は、Ｘ社内において国際取引で注意すべき法的問題について検討した際になされた発言の一部である。これらの発言のうち、その内容が適切なものの組み合わせを①〜⑥の中から１つだけ選びなさい。
ア．「国際取引において、最終的な契約締結前の契約交渉の過程で作成される確認文書には、Letter of Intent（ＬＯＩ）や Memorandum of Understanding（ＭＯＵ）等があります。これらの確認文書は、その名称にかかわらず、確認文書の内容に法的な拘束力が認められることがあります。」
イ．「国際的な売買取引において、各国の法律の他に注意しておかなければならない国際売買契約に関する条約として、『国際物品売買契約に関する国際連合条約』（ＣＩＳＧ）があり、日本も批准しています。営業所が異なる国に所在する当事者間の物品売買契約について、これらの国がいずれもＣＩＳＧの締約国である場合、または国際私法の準則によればＣＩＳＧの締約国の法の適用が導かれる場合には、ＣＩＳＧが適用されます。」
ウ．「国際取引において取引の相手方が倒産した場合、日本の破産法では、債務者である法人が日本国内に営業所または事務所を有するときには、同法に基づく破産手続開始の申立てをすることができるとされています。日本国内に営業所または事務所がない場合、債務者である法人が日本国内に財産を有しているとしても、日本で破産手続開始の申立てをすることはできません。」
エ．「貿易取引等に関連して注意すべきものとして、インコタームズが挙げられます。インコタームズは、International Commercial Terms を略したもので、国際商業会議所（ＩＣＣ）が、貿易取引条件について定めたものです。インコタームズには、条約と同様、法的な強制力が認められています。」",判斷LOI／MOU的拘束力、CISG的適用、外國法人在日本聲請破產，以及Incoterms的效力。選出正確的兩個敘述組合。,"①アイ
②アウ
③アエ
④イウ
⑤イエ
⑥ウエ",1,1,"ア：〇  Letter of Intent（ＬＯＩ）や Memorandum of Understanding（ＭＯＵ）等の確認文書は、その名称にかかわらず、その内容に法的な拘束力が認められることがある。
イ：〇  国際物品売買契約に関する国際連合条約（ＣＩＳＧ）は、営業所が異なる国に所在する当事者間の物品売買契約について、i）これらの国がいずれもＣＩＳＧの締約国である場合、またはii）国際私法の準則によればＣＩＳＧの締約国の法の適用が導かれる場合に、適用される。
ウ：×  外国法人は、破産手続等に関し、日本法人と同一の地位を有するとされ、破産法の規定による破産手続開始の申立ては、債務者が法人その他の社団または財団である場合には、日本国内に営業所、事務所または財産を有するときに限り、することができる（破産法３条・４条）。
エ：×  インコタームズは、国際商業会議所（ＩＣＣ）が、貿易取引条件について定めたものであるが、法的強制力は認められていない。",教材答案①，ア、イ正確。LOI／MOU是否有拘束力取決於內容；CISG可依締約國及國際私法條件適用。外國法人在日本有營業所、事務所或財產時，可符合題示破產聲請的管轄條件；Incoterms本身沒有條約般的法律強制力。,,"IBT・CBT模擬問題2,原題20",mid,ok,unknown,user-supplied-material,,ＩＢＴ・ＣＢＴ対策模擬問題 2.docx,ＩＢＴ・ＣＢＴ対策模擬解答 2.docx,user-supplied-material,source-consistency-checked,2026-10-01,原題・選択肢・解答・○×組合せを確認。中国語はAIによる要約。現行法の逐条審査は未実施。
ibt2-021,ibt2-part3,問21｜売買契約（買賣契約）,"売買契約に関する次のア〜エの記述のうち、民法の規定に照らし、その内容が適切なものを○、適切でないものを×とした場合の組み合わせを①〜⑥の中から１つだけ選びなさい。
ア．売買契約において、目的物の引渡義務と代金の支払義務の履行期が同時である場合、当事者の一方は、民法上、当該履行期が到来しても、相手方においてその債務の履行を提供するまでは、自己の債務の履行を拒むことができる。
イ．売買契約において、代金の支払期限を定めた場合、売主は、支払期限を徒過しても代金を支払わない買主に対し、自己に損害が生じたことを証明したときに限り、遅延利息を含めた損害賠償を請求することができる。
ウ．売買契約に基づき引き渡された目的物が種類、品質または数量に関して契約の内容に適合しないものである場合において、買主から相当の期間を定めて売主に催告がされたにもかかわらず、売主の履行の追完がなされないときには、買主は、その不適合の程度に応じた代金減額請求をすることができる。
エ．代理権のない者が買主の代理人であると称して行った売買契約は、買主本人が当該契約について追認した後であっても、売主が代理人に代理権がないことについて善意であれば、売主は当該契約を取り消すことができる。",判斷同時履行抗辯、金錢債務遲延的損害證明、契約不符合時減價，以及無權代理經追認後能否撤銷。將ア～エ判為○／×。,"①ア－○    イ－○    ウ－○    エ－○
②ア－○    イ－○    ウ－○    エ－×
③ア－○    イ－×    ウ－○    エ－×
④ア－×    イ－○    ウ－×    エ－○
⑤ア－×    イ－×    ウ－×    エ－○
⑥ア－×    イ－×    ウ－×    エ－×",3,3,"ア：〇  双務契約の当事者の一方は、相手方の債務が履行期にある場合、相手方がその債務の履行を提供するまでは、自己の債務の履行を拒むことができる（同時履行の抗弁権、民法 533 条）。
イ：×  金銭の給付を目的とする債務の不履行については、債権者は、損害の証明をすることを要しない（民法 419 条２項）。
ウ：〇  引き渡された目的物が種類、品質または数量に関して契約の内容に適合しないものである場合において、買主が相当の期間を定めて履行の追完の催告をし、その期間内に履行の追完がないときは、買主は、その不適合の程度に応じて代金の減額を請求することができる（民法 563 条１項）。
エ：×  無権代理人がした契約は、本人が追認をしない間は、相手方が取り消すことができる（民法 115 条本文）。",教材答案③，ア、ウ正確，イ、エ錯誤。對方未提出履行時，可依條件拒絕自己的同時履行；催告補正卻未履行後，可按不符合程度請求減價。金錢債務的遲延損害不須另證明實際損害；本人追認後，相對人不能再依題示無權代理理由撤銷。,,"IBT・CBT模擬問題2,原題21",mid,ok,unknown,user-supplied-material,,ＩＢＴ・ＣＢＴ対策模擬問題 2.docx,ＩＢＴ・ＣＢＴ対策模擬解答 2.docx,user-supplied-material,source-consistency-checked,2026-10-01,原題・選択肢・解答・○×組合せを確認。中国語はAIによる要約。現行法の逐条審査は未実施。
ibt2-022,ibt2-part3,問22｜合弁事業（合資事業）,合弁事業に関する次の①〜④の記述のうち、その内容が最も適切でないものを１つだけ選びなさい。,判斷民法組合的損益分配、出資形式、另設公司的法人格，以及合同公司社員的責任。選出最不適當的一項。,"①Ａ社は、Ｂ社と合弁事業を行うために、Ｂ社との間で民法上の組合契約を締結した。この場合、Ａ社およびＢ社が損益分配の割合を当該組合契約で定めなかったときは、民法上、損益は、出資の価額の多寡にかかわらず、Ａ社およびＢ社の間で均等に分配される。
②Ａ社は、Ｂ社と合弁事業を行うために、Ｂ社との間で民法上の組合契約を締結した。この場合、Ａ社およびＢ社が行う組合への出資は金銭に限られず、不動産、特許権、労務など財産的価値のあるものであれば出資の目的とすることができる。
③Ａ社は、Ｂ社と合弁事業を行うために、合弁会社としてＣ株式会社を設立した。この場合、Ｃ社は、Ａ社およびＢ社とは別個の法人格を有することとなる。
④Ａ社は、Ｂ社と合弁事業を行うために、合弁会社としてＣ合同会社を設立した。この場合、Ｃ社の社員となったＡ社およびＢ社は、間接有限責任を負うのみであり、Ｃ社の債権者に対して直接責任を負わない。",1,1,"①：×  組合契約の当事者が損益分配の割合を定めなかったときは、その割合は、各組合員の出資の価額に応じて定められる（民法 674 条１項）。
②：〇  組合契約における出資は、労務をその目的とすることができるほか（民法667 条２項）、不動産、特許権なども出資の目的とすることができる。
③：〇  会社は法人とされるため（会社法３条）、Ｃ社は、Ａ社およびＢ社とは別個の法人格を有することとなる。
④：〇  合同会社の社員は、合同会社の債務について間接有限責任を負うのみであり、合同会社の債権者に対して直接責任を負わない（会社法 578 条・580 条２項・604 条３項参照）。",教材答案①。沒有另訂比例時，組合損益依出資價值比例分配，不是均分。出資不限現金，也可包括勞務、不動產及專利；另設公司具有獨立法人格；合同公司社員只負間接有限責任。,,"IBT・CBT模擬問題2,原題22",mid,ok,unknown,user-supplied-material,,ＩＢＴ・ＣＢＴ対策模擬問題 2.docx,ＩＢＴ・ＣＢＴ対策模擬解答 2.docx,user-supplied-material,source-consistency-checked,2026-10-01,原題・選択肢・解答・○×組合せを確認。中国語はAIによる要約。現行法の逐条審査は未実施。
ibt2-023,ibt2-part3,問23｜預金者保護（存款人保護）,"Ａ銀行は、法人および個人の顧客に対して預金の受入れ等の業務を行っている。また、Ｂは、Ａ銀行に対し金銭を預け入れている預金者である。この場合に関する次のア〜エの記述のうち、その内容が適切なものを○、適切でないものを×としたときの組み合わせを①〜⑧の中から１つだけ選びなさい。
ア．Ｂは、Ａ銀行に 300 万円の預金を行い、Ａ銀行から預金証書の交付を受けた。その後、当該預金証書を火災により焼失した場合、民法上、ＢのＡ銀行に対する当該預金の払戻請求権は消滅する。
イ．第三者Ｃは、Ｂ名義の預金通帳およびＢの印鑑を盗取し、Ａ銀行の窓口にこれらを持参してＢ名義の預金の払戻しを受けた。この場合において、払戻しを受けた者がＢではないことにつきＡ銀行が善意無過失であっても、民法上、当該払戻しは、ＢがＡ銀行に対して有する預金債権についての有効な弁済とはならない。
ウ．第三者Ｃは、Ｂ名義のＡ銀行の預金口座のキャッシュカードを偽造し、この偽造カードを用いてＡ銀行のＡＴＭからＢ名義の預金の払戻しを行った。この場合において、当該払戻しにつきＡ銀行に過失があっても、Ｂに重大な過失があるときは、預金者保護法上、Ｂは、Ａ銀行に対し、当該払戻し額の全額の補てんを求めることができない。
エ． 第三者Ｃは、Ｂ名義のＡ銀行の預金口座のキャッシュカードを盗取し、この盗難カードを用いてＡ銀行のＡＴＭからＢ名義の預金の払戻しを行った。この場合、Ｂが、当該キャッシュカードが盗取されたと認めた後、当該キャッシュカードが盗取された旨をＡ銀行に通知していなかったときは、預金者保護法上、Ｂは、Ａ銀行に対し、当該払戻し額の全額の補てんを求めることができない。",判斷存款證書燒毀、冒領存款、偽造提款卡及失竊提款卡的法律效果。將ア～エ判為○／×。,"①ア－○    イ－○    ウ－○    エ－○
②ア－○    イ－○    ウ－○    エ－×
③ア－○    イ－○    ウ－×    エ－○
④ア－○    イ－×    ウ－○    エ－○
⑤ア－×    イ－○    ウ－×    エ－×
⑥ア－×    イ－×    ウ－○    エ－×
⑦ア－×    イ－×    ウ－×    エ－○
⑧ア－×    イ－×    ウ－×    エ－×",7,7,"ア：×  預金証書は有価証券ではないため、預金証書を火災により焼失したとしても、預金の払戻請求権は消滅しない。
イ：×  受領権者以外の者であって取引上の社会通念に照らして受領権者としての外観を有するものに対してした弁済は、その弁済をした者が善意であり、かつ、過失がなかったときに限り、その効力を有する（民法 478 条）。
ウ：×  預貯金者は、重大な過失がある場合であっても、金融機関が善意無過失でない限り、偽造カードによる被害につき、預金者保護法に基づき、全額の補てんを求めることができる（預金者保護法４条１項）。
エ：〇  預貯金者は、盗難カードによる被害につき預金者保護法に基づく補償を受けるためには、キャッシュカードが盗取されたと認めた後、速やかに、金融機関に対し盗取された旨の通知を行ったことが必要である（預金者保護法５条１項１号）。",教材答案⑦，エ正確，ア・イ・ウ錯誤。存款證書燒毀不消滅提款請求權；對有受領權外觀者付款，銀行善意且無過失時可有效。偽造卡案件中，不能忽略銀行自身過失而否定補償；失竊卡的法定補償須符合發現後迅速通知銀行等條件。,,"IBT・CBT模擬問題2,原題23",mid,ok,unknown,user-supplied-material,,ＩＢＴ・ＣＢＴ対策模擬問題 2.docx,ＩＢＴ・ＣＢＴ対策模擬解答 2.docx,user-supplied-material,source-consistency-checked,2026-10-01,原題・選択肢・解答・○×組合せを確認。中国語はAIによる要約。現行法の逐条審査は未実施。
ibt2-024,ibt2-part3,問24｜意匠・実用新案（設計與新型）,意匠法および実用新案法に関する次の①〜④の記述のうち、その内容が最も適切でないものを１つだけ選びなさい。,判斷登記設計的專用範圍、侵害停止請求、新型登記的審查方式，以及存續期間能否續展。選出最不適當的一項。,"①Ｘ社は、自社の新製品のデザインについて意匠登録を受けた。この場合、Ｘ社は、原則として、業として登録意匠およびこれに類似する意匠を実施する権利を専有する。
②Ｘ社は、自社の新製品αのデザインについて意匠登録を受けた。その後、Ｘ社は、競合会社であるＹ社がαと同一のデザインを施した製品βを販売している旨の情報を得た。この場合、Ｘ社は、Ｙ社に対し、その販売の差止めを請求することができる。
③個人事業主Ｘは、自身が行った考案について実用新案登録の出願をした。この場合、Ｘは、当該出願について、産業上利用可能性、進歩性および新規性について実体的登録要件の審査を受けることなく、方式審査および当該出願が物品の形状、構造、組合わせにかかる考案であることなどの基礎的要件の審査を経て実用新案登録を受けることができる。
④個人事業主Ｘは、自身が行った考案について実用新案登録を受けた。この場合、Ｘは、自己の実用新案権の存続期間が満了する前にその更新の手続をすることによって、当該実用新案権の存続期間を更新することができる。",4,4,"①：〇  意匠権者は、原則として、業として登録意匠およびこれに類似する意匠を実施する権利を専有する（意匠法 23 条）。
②：〇  意匠権者は、自己の意匠権を侵害する者または侵害するおそれがある者に対し、その侵害の停止または予防を請求することができる（意匠法 37 条）。
③：〇  実用新案については、形式的審査のみで実用新案権の設定登録を行う早期登録制度がとられており、登録出願があったときは、その実用新案登録出願が放棄され、取り下げられ、または却下された場合を除き、実用新案権の設定の登録がなされる（実用新案法 14 条２項）。
④：×  商標権とは異なり、実用新案権の存続期間について更新の手続は設けられていない。",教材答案④。実用新案權沒有像商標權那樣的續展制度。意匠權原則上涵蓋登記及類似設計，並可請求停止侵害；実用新案採形式及基礎要件審查的早期登記制度，不進行題示實體要件審查。,,"IBT・CBT模擬問題2,原題24",mid,ok,unknown,user-supplied-material,,ＩＢＴ・ＣＢＴ対策模擬問題 2.docx,ＩＢＴ・ＣＢＴ対策模擬解答 2.docx,user-supplied-material,source-consistency-checked,2026-10-01,原題・選択肢・解答・○×組合せを確認。中国語はAIによる要約。現行法の逐条審査は未実施。
ibt2-025,ibt2-part3,問25｜独占禁止法（反壟斷法）,独占禁止法に関する次の①～④の記述のうち、その内容が最も適切なものを１つだけ選びなさい。,判斷排他交易條件、跨國限制價格及數量協定、沒有罰則的市場分配協定，以及自主退出投標。選出最適當的一項。,"①事業者Ａ社が原材料の供給事業者Ｂ社と取引を開始するにあたり、Ａ社と競合する事業者Ｃ社に原材料を供給しないことを取引条件として提示し、Ｂ社はこれに応じ取引を開始した。Ａ社の行為は、Ｃ社の取引の機会を減少させ、公正な競争を阻害するおそれがある場合であっても、独占禁止法に違反しない。
②日本国内で製品Ｘの製造業を営む日本の事業者Ｄ社が、製品Ｘを製造し日本に輸出しているＥ国の事業者Ｆ社との間で、製品Ｘの販売価格の下落を回避するため製品Ｘの販売数量・価格を制限する旨の協定を締結する行為は、独占禁止法に違反しない。
③同一地域において同一の製品Ｙを販売する事業者Ｇ社およびＨ社が、両者の間の競争を回避する目的で、販売地域を制限する旨の協定を締結し、当該協定に従って販売地域を制限した結果、製品Ｙの市場における競争が実質的に制限された。この場合、当該協定に違反した際の罰則等が何ら定められていなかったとしても、Ｇ社およびＨ社の行為は不当な取引制限に該当し、独占禁止法に違反する。
④公共工事の指名競争入札において、Ｉ社を含む数社の事業者が入札の指名を受けたが、Ｉ社は入札を辞退した。その後、Ｉ社を除く事業者の談合により、Ｊ社がその公共工事を受注した。この場合において、本件指名競争入札に関し、Ｉ社が入札指名事業者と何ら連絡等を行っておらず、また入札指名事業者から何ら要請等を受けず、自社の事業経営上の判断により入札を辞退したものであっても、Ｉ社がいったん入札の指名を受けこれに応じた以上は、Ｉ社の行為は、入札談合に当たり、独占禁止法に違反する。",3,3,"①：×  本肢のＡ社の行為は、排他条件付取引に該当し（一般指定 11 項）、独占禁止法に違反する。
②：×  事業者は、不当な取引制限または不公正な取引方法に該当する事項を内容とする国際的協定または国際的契約をしてはならない（独占禁止法６条）。
③：○  罰則のない紳士協定のような弱い協定でも、事実上の拘束力を持ち得るとされ、相互拘束に該当し、不当な取引制限に該当する（独占禁止法２条６項）。
④：×  本肢のI社の行為は、入札談合に該当せず、独占禁止法に違反しない（独占禁止法２条６項）。",教材答案③。即使協定沒有罰則，若實際互相拘束並實質限制競爭，仍可構成不當交易限制。排他條件交易及題示國際限制競爭協定可違法；完全自行決定且未與他人聯絡的退出投標，不因此構成圍標。,,"IBT・CBT模擬問題2,原題25",mid,ok,unknown,user-supplied-material,,ＩＢＴ・ＣＢＴ対策模擬問題 2.docx,ＩＢＴ・ＣＢＴ対策模擬解答 2.docx,user-supplied-material,source-consistency-checked,2026-10-01,原題・選択肢・解答・○×組合せを確認。中国語はAIによる要約。現行法の逐条審査は未実施。
ibt2-026,ibt2-part3,問26｜個別クレジット（個別信用購買）,"Ｘは、エステサロンＹで美顔マッサージを受けたところ、「このマッサージは自宅でも家庭用美顔器でケアをしないと効果が出ません。今なら家庭用美顔器を特別価格で販売できます」と勧誘され、家庭用美顔器を月２万円かつ12回払いの割賦販売法上の個別信用購入あっせん（個別クレジット）により購入することとした。Ｘは、Ｙとの間で個別信用購入あっせん関係販売契約（本件売買契約）を、信販会社Ｚ社との間で個別信用購入あっせん関係受領契約（本件クレジット契約）を、それぞれ締結した。この場合に関する次のア〜エの記述のうち、その内容が適切なものを○、適切でないものを×としたときの組み合わせを①〜⑥の中から1つだけ選びなさい。
ア．本件個別クレジットについて、ＸとＹの合意があれば、Ｙは、Ｘに対し、本件売買契約締結時に所定の事項を記載した書面を交付する等の義務を負わない。
イ．Ｘが本件クレジット契約について、契約の申込みをした後８ 日以内に本件クレジット契約について書面によりクーリング・オフを行使した場合、原則として、本件売買契約も解除したものとみなされる。
ウ．Ｘは、約定の期日にＹから家庭用美顔器の引渡しを受けていない場合、Ｙが家庭用美顔器の引渡債務につき弁済の提供をするまで、Ｚ社からの賦払金の支払請求を拒むことができる。
エ． 本件クレジット契約において、Ｘの賦払金の支払いに遅滞があった場合、Ｚ社は、直ちに賦払金の支払遅滞を理由に契約の解除をすることができる。",X在美容店分期購買美容器。判斷法定文件、冷靜期對買賣契約的影響、商品未交付時的付款抗辯，以及逾期是否可立即解約。將ア～エ判為○／×。,"①ア－○    イ－○    ウ－○    エ－○
②ア－○    イ－○    ウ－○    エ－×
③ア－○    イ－×    ウ－×    エ－○
④ア－×    イ－○    ウ－○    エ－×
⑤ア－×    イ－×    ウ－×    エ－○
⑥ア－×    イ－×    ウ－×    エ－×",4,4,"ア：×  個別信用購入あっせん関係販売業者は、個別信用購入あっせん関係販売契約を締結したときは、遅滞なく、経済産業省令・内閣府令で定めるところにより、当該契約に関する所定の事項を記載した書面を購入者に交付し、またはこれに代わる電磁的方法により提供しなければならない（割賦販売法 35 条の３の８・35 条の３の 22）。
イ：〇  申込者等が書面により申込みの撤回等を行った場合には、当該申込みの撤回等に係る書面を発する時において現に効力を有する個別信用購入あっせん関係販売契約は、当該申込者等が当該書面を発した時に、解除されたものとみなされる（割賦販売法 35 条の３の 10 第５項）。
ウ：〇  購入者は、個別信用購入あっせん関係販売契約に係る所定の支払分の支払いの請求を受けたときは、当該契約に係る個別信用購入あっせん関係販売業者に対して生じている事由をもって、当該支払いの請求をする個別信用購入あっせん業者に対抗することができる（割賦販売法 35 条の３の 19 第１項）。
エ：×  個別信用購入あっせん業者（信販会社）は、個別信用購入あっせん関係受領契約について所定の支払分の支払いの義務が履行されない場合において、20日以上の相当な期間を定めてその支払いを書面で催告し、その期間内にその義務が履行されないときでなければ、支払分の支払いの遅滞を理由として、契約を解除することができない（割賦販売法 35 条の３の 17 第１項）。",教材答案④，イ、ウ正確，ア、エ錯誤。法定文件義務不能僅以雙方同意免除；符合題示條件的冷靜期會連動解除買賣契約；未交付商品的抗辯可向信販公司主張。因付款遲延解除前，須以書面給至少20日的適當催告期間。,,"IBT・CBT模擬問題2,原題26",mid,ok,unknown,user-supplied-material,,ＩＢＴ・ＣＢＴ対策模擬問題 2.docx,ＩＢＴ・ＣＢＴ対策模擬解答 2.docx,user-supplied-material,source-consistency-checked,2026-10-01,原題・選択肢・解答・○×組合せを確認。中国語はAIによる要約。現行法の逐条審査は未実施。
ibt2-027,ibt2-part3,問27｜製品安全（產品安全）,"消費生活用製品安全法および製造物責任法に関する次のア〜エの記述のうち、その内容が適切なものの組み合わせを①〜⑥の中から１つだけ選びなさい。
ア．消費生活用製品安全法上の特定製品は、原則として、製品ごとに主務省令で定めた技術上の基準に適合していることを示す表示（ＰＳＣマーク）が付されなければ販売等をすることができない。
イ．消費生活用製品の製造事業者等は、企業の規模を問わず、重大製品事故が生じたことを知ったときは、発生の事実を知った日から起算して 10 日以内に、一定の事項を内閣総理大臣（消費者庁長官）に報告しなければならない。
ウ．製造物責任法上の欠陥とは、製造物に物理的な欠陥があることをいい、製造物の安全性に関する指示や警告に誤りがあったとしても、製造物責任法上の欠陥には該当しない。
エ．製造物を業として輸入する者は、製造物責任を負う製造業者等には当たらない。",判斷PSC標誌、重大產品事故的通報期限、錯誤警告是否屬產品缺陷，以及進口商是否負製造物責任。選出正確的兩個敘述組合。,"①アイ
②アウ
③アエ
④イウ
⑤イエ
⑥ウエ",1,1,"ア：〇  特定製品の製造、輸入、販売の事業を行う者は、原則として、製品ごとに主務省令で定めた技術上の基準に適合していることを示す表示（ＰＳＣマーク）が付されていなければ、特定製品の販売等をしてはならない（消費生活用製品安全法４条・13 条等）。
イ：〇  消費生活用製品の製造事業者等は、重大製品事故が生じたことを知ったときは、発生の事実を知った日から起算して 10 日以内に、一定の事項を内閣総理大臣（消費者庁長官）に報告しなければならない（消費生活用製品安全法 35 条等）。
ウ：×  製造物責任法上の欠陥とは、当該製造物の特性、その通常予見される使用形態、その製造業者等が当該製造物を引き渡した時期その他の当該製造物に係る事情を考慮して、当該製造物が通常有すべき安全性を欠いていることをいう（製造物責任法２条２項）。製造物の安全性に関する指示や警告の誤りは、製造物責任法上の欠陥に該当し得る。
エ：×  製造物責任法上の製造業者等とは、i）当該製造物を業として製造、加工または輸入した者、ii）自ら当該製造物の製造業者として当該製造物にその氏名、商号、商標その他の表示をした者または当該製造物にその製造業者と誤認させるような氏名等の表示をした者、iii）i・iiのほか、当該製造物の製造、加工、輸入または販売に係る形態その他の事情からみて、当該製造物にその実質的な製造業者と認めることができる氏名等の表示をした者をいう（製造物責任法２条３項）。したがって、製造物を業として輸入する者は、製造物責任を負う製造業者等に該当し得る。",教材答案①，ア、イ正確。特定產品原則上需符合標準並有PSC標誌；製造或進口業者知悉重大產品事故後，須在法定10日內通報。錯誤的安全指示或警告可構成缺陷；業務上進口產品者也可屬製造物責任的責任主體。,,"IBT・CBT模擬問題2,原題27",mid,ok,unknown,user-supplied-material,,ＩＢＴ・ＣＢＴ対策模擬問題 2.docx,ＩＢＴ・ＣＢＴ対策模擬解答 2.docx,user-supplied-material,source-consistency-checked,2026-10-01,原題・選択肢・解答・○×組合せを確認。中国語はAIによる要約。現行法の逐条審査は未実施。
ibt2-028,ibt2-part3,問28｜譲渡担保（讓與擔保）,譲渡担保に関する次の文章中の下線部①〜④の記述のうち、その内容が最も適切なものを１つだけ選びなさい。譲渡担保は、担保のために財産をいったん債権者に譲渡し、債務が弁済された場合には返還するという形式による債権担保の方法である。譲渡担保の対抗要件は、その目的の種類によって異なる。まず、①債権者が、債務者の所有する不動産を目的として譲渡担保の設定を受ける場合、当該譲渡担保の第三者に対する対抗要件は登記である。次に、②債権者が、債務者がその取引先に対して有する売掛金債権を目的として譲渡担保の設定を受ける場合、当該譲渡担保の対抗要件は、債権者と債務者との間で譲渡担保設定契約について契約書を作成することである。さらに、債権者が、債務者の所有する動産を目的として譲渡担保の設定を受ける場合、当該譲渡担保の第三者に対する対抗要件は引渡しである。③動産を目的とする譲渡担保の対抗要件となるのは、現実の引渡しのみであり、占有改定による引渡しは、譲渡担保の対抗要件とならない。譲渡担保の実行については、④動産を目的物として譲渡担保を設定した場合において、債務者である譲渡担保設定者が被担保債権について債務の履行を怠ったときは、譲渡担保権者は、裁判所に譲渡担保の実行を申し立てて当該動産を競売に付し、その売却代金から自己の債権の満足を得るほかなく、裁判所の手続を経ずに譲渡担保を自ら私的に実行し、当該動産の所有権を取得することはできない。,以移轉財產所有權或債權的形式設定擔保。從文章的①～④中，選出關於對抗要件或擔保實行方式最適當的一項。,"① 下線部①の記述
② 下線部②の記述
③ 下線部③の記述
④ 下線部④の記述",1,1,"①：○  不動産譲渡担保の対抗要件は、登記である（民法 177 条）。
②：×  債権者が、債務者がその取引先に対して有する売掛金債権を目的として譲渡担保の設定を受ける場合、当該譲渡担保の対抗要件は、債務者への通知または債務者の承諾である（民法 467 条）。譲渡人が法人の場合には、債権譲渡登記も対抗要件となる（動産・債権譲渡特例法４条）。
③：×  動産を目的とする譲渡担保の対抗要件となるのは引渡しであるが（民法178 条）、現実の引渡しのほか、占有改定（民法 183 条）でもよいとされている。
④：×  譲渡担保を実行するためには、裁判所の手続を経る必要はなく、譲渡担保権者が譲渡担保を自ら私的に実行し、目的物を売却し、あるいは目的物の所有権を取得する方法によることができる。",教材答案①。不動產讓與擔保對抗第三人需登記。債權讓與擔保以通知債務人、其承諾等作為對抗要件，法人讓與另有債權讓與登記；動產可用占有改定完成交付。讓與擔保也可依其方式私下實行，不限法院拍賣。,,"IBT・CBT模擬問題2,原題28",mid,ok,unknown,user-supplied-material,,ＩＢＴ・ＣＢＴ対策模擬問題 2.docx,ＩＢＴ・ＣＢＴ対策模擬解答 2.docx,user-supplied-material,source-consistency-checked,2026-10-01,原題・選択肢・解答・○×組合せを確認。中国語はAIによる要約。現行法の逐条審査は未実施。
ibt2-029,ibt2-part3,問29｜連帯保証（連帶保證）,"Ｘ社は、Ｙ社との間で、Ｙ社に金銭を貸し付ける旨の金銭消費貸借契約を締結するにあたり、Ｙ社がＸ社に対して負う借入金債務を主たる債務として、Ａとの間で保証契約を締結することとした。この場合に関する次のア〜エの記述のうち、民法の規定に照らし、その内容が適切なものを○、適切でないものを×としたときの組み合わせを①〜⑥の中から１つだけ選びなさい。
ア．Ｘ社とＡとの間の連帯保証契約は、書面または電磁的記録によってされなくても有効である。
イ．Ａは、本件借入金債務について連帯保証人となった場合でも、連帯保証人ではない通常の保証人となった場合でも、Ｙ社に代わってＸ社に対し民法の規定に従って債務を弁済したときは、Ｙ社に求償することができる。
ウ．Ｘ社は、Ａとの間で連帯保証契約を締結し、Ａは連帯保証人となった。この場合、Ｘ社は、Ａに対し連帯保証債務の履行を請求するときは、これに先立って、Ｙ社に対し主たる債務の履行を請求する必要はない。
エ．Ｘ社は、Ａとの間で連帯保証契約を締結するほか、本件借入金債務を主たる債務として、Ｂとの間でも連帯保証契約を締結し、ＡおよびＢは連帯保証人となった。この場合において、ＡおよびＢが主たる債務の全額を保証する旨の特約がない場合、ＡおよびＢは、主たる債務の額を等しい割合で分割した額について保証債務を負う。",判斷保證契約形式、保證人清償後的求償、催告抗辯，以及多位保證人的分別利益。將ア～エ判為○／×。,"①ア－○    イ－○    ウ－○    エ－○
②ア－○    イ－○    ウ－○    エ－×
③ア－○    イ－×    ウ－×    エ－○
④ア－×    イ－○    ウ－○    エ－×
⑤ア－×    イ－×    ウ－×    エ－○
⑥ア－×    イ－×    ウ－×    エ－×",4,4,"ア：×  連帯保証契約も保証契約であり、書面または電磁的記録でしなければ、その効力を生じない（民法 446 条２項３項）。
イ：○  民法の規定に従って保証債務を弁済した場合に、主たる債務者に対する求償権が認められる点で、連帯保証人と通常の保証人との間に差異はない。
ウ：○  連帯保証人には催告の抗弁権が認められないため（民法 452 条・454 条）、債権者は、連帯保証人に対し保証債務の履行を請求するときは、これに先立って、主たる債務者に対し主たる債務の履行を請求する必要はない。
エ：×  連帯保証人は分別の利益（民法 456 条・427 条）を有しないため、各連帯保証人は、主たる債務の全額を保証する旨の特約がなくても、主たる債務の全額について保証債務を負う。",教材答案④，イ、ウ正確，ア、エ錯誤。連帶保證也須書面或電磁紀錄；清償後可依法向主債務人求償。連帶保證人沒有催告抗辯，也沒有一般保證人的分別利益，原則上各自負擔全額保證債務。,,"IBT・CBT模擬問題2,原題29",mid,ok,unknown,user-supplied-material,,ＩＢＴ・ＣＢＴ対策模擬問題 2.docx,ＩＢＴ・ＣＢＴ対策模擬解答 2.docx,user-supplied-material,source-consistency-checked,2026-10-01,原題・選択肢・解答・○×組合せを確認。中国語はAIによる要約。現行法の逐条審査は未実施。
ibt2-030,ibt2-part3,問30｜担保的制度（具有擔保作用的制度）,"担保的機能を有する制度に関する次のア～エの記述のうち、その内容が適切なものを○、適切でないものを×とした場合の組み合わせを①～⑧の中から１つだけ選びなさい。
ア．売買契約の締結に際し、買主が代金の全額を支払う前に売主が目的物を買主に引き渡すが、目的物の所有権は代金全額の支払いが完了するまで売主に留保される旨の所有権留保の約定がなされた。売主は、所有権留保の実行に際し、目的物の価額が売主の有する残債権額を超えて差額が生じる場合には、当該差額を買主に支払う清算義務を負う。
イ．買戻特約は、一般に、売主がその所有物を買主に売却する旨の売買契約を締結するのと同時に、将来売主が買主の支払った代金等を返還し、当該売買契約を解除することができる旨を定める特約である。
ウ．同時履行の抗弁権は、双務契約の当事者が、相手方がその債務の履行を提供するまで自己の債務の履行を拒否することによって弁済を心理的に強制するものであり、民法上、留置権と同様に、誰に対しても行使することができる。
エ．債権者は、債務者に対して有する貸金債権を担保する目的で債務者所有の建物につき代物弁済の予約を行い、その旨の仮登記を経た。その後、当該債務者が破産手続開始の決定を受けた場合、仮登記担保法上、当該債権者は、破産法上の別除権者に当たらない。",判斷保留所有權的清算義務、買回特約、同時履行抗辯對誰有效，以及假登記擔保在破產中的地位。將ア～エ判為○／×。,"①ア－○    イ－○    ウ－○    エ－○
②ア－○    イ－○    ウ－×    エ－×
③ア－○    イ－×    ウ－○    エ－○
④ア－○    イ－×    ウ－×    エ－○
⑤ア－×    イ－○    ウ－○    エ－×
⑥ア－×    イ－○    ウ－×    エ－○
⑦ア－×    イ－×    ウ－○    エ－×
⑧ア－×    イ－×    ウ－×    エ－×",2,2,"ア：○  所有権留保の約定がなされた場合、売主は、所有権留保の実行に際し、目的物の価額が売主の有する残債権額を超えて差額が生じる場合には、当該差額を買主に支払う義務を負う（清算義務）。
イ：〇  一般に、売主がその所有物を買主に売却する旨の売買契約を締結するのと同時に、将来売主が買主の支払った代金等を返還し、当該売買契約を解除することができる旨を定める特約を買戻特約という（民法 579 条以下）。
ウ：×  同時履行の抗弁権は、双務契約の当事者が、他方当事者に対し、その債務の履行を提供するまで自己の債務の履行を拒否することによって弁済を心理的に強制するものであり、留置権とは異なり、誰に対しても行使できるものではない（民法 533 条）。
エ：×  仮登記担保権者は、債務者が破産手続開始の決定を受けた場合、破産法上の別除権者として、破産手続によらずに権利を行使することができる（仮登記担保法 19 条１項）。",教材答案②，ア、イ正確，ウ、エ錯誤。實行所有權保留時，目的物價值超過剩餘債權的差額須清算返還；買回特約是題示另訂返還價款等以解除買賣的安排。同時履行抗辯不能像留置權一樣對任何人行使；假登記擔保權人可作為別除權人在破產程序外行使。,,"IBT・CBT模擬問題2,原題30",mid,ok,unknown,user-supplied-material,,ＩＢＴ・ＣＢＴ対策模擬問題 2.docx,ＩＢＴ・ＣＢＴ対策模擬解答 2.docx,user-supplied-material,source-consistency-checked,2026-10-01,原題・選択肢・解答・○×組合せを確認。中国語はAIによる要約。現行法の逐条審査は未実施。
ibt2-031,ibt2-part4,問31｜責任財産の保全（責任財產保全）,責任財産の保全に関する次の①〜④の記述のうち、民法の規定に照らし、その内容が最も適切なものを１つだけ選びなさい。,判斷過量代物清償的撤銷、詐害行為撤銷判決的效力、不得扣押的權利，以及代位行使時能否要求直接付款給債權人。選出最適當的一項。,"①代物弁済は債務の履行であるから、責任財産を毀損する行為であっても、詐害行為に当たることはない。
②詐害行為取消請求を認容する確定判決は、債務者に対してのみ効力を有する。
③債権者は、被代位権利が差押えを禁止された権利である場合、債権者代位権を行使することができない。
④債権者が債権者代位権を行使して、第三債務者に対し、金銭の支払いを求める場合は、債務者に対して当該金銭を支払うよう求めることができるのみである。",3,3,"①：×  代物弁済は、債務の消滅に関する行為であり、原則として、詐害行為に当たらないが、過大な代物弁済については、例外的に詐害行為として取り消すことができる旨が規定されている（民法 424 条の３・424 条の４）。
②：×  詐害行為取消請求を認容する確定判決は、債務者およびそのすべての債権者に対してもその効力を有する（民法 425 条）。
③：○  差押えを禁止された権利は、債権者代位権の被代位権利とならない（民法423 条１項但書）。
④：×  債権者は、被代位権利を行使する場合において、被代位権利が金銭の支払いまたは動産の引渡しを目的とするものであるときは、相手方に対し、その支払いまたは引渡しを自己に対してすることを求めることができる（民法 423 条の３前段）。",教材答案③。禁止扣押的權利不能成為債權人代位行使的標的。過量代物清償例外可被撤銷；准予詐害行為撤銷的確定判決也對債務人與全部債權人有效；代位請求金錢或動產交付時，可依法要求直接向債權人給付。,,"IBT・CBT模擬問題2,原題31",mid,ok,unknown,user-supplied-material,,ＩＢＴ・ＣＢＴ対策模擬問題 2.docx,ＩＢＴ・ＣＢＴ対策模擬解答 2.docx,user-supplied-material,source-consistency-checked,2026-10-01,原題・選択肢・解答・○×組合せを確認。中国語はAIによる要約。現行法の逐条審査は未実施。
ibt2-032,ibt2-part4,問32｜民事再生（民事再生）,"民事再生法に関する次のア〜エの記述のうち、その内容が適切なものの個数を①〜⑤の中から１つだけ選びなさい。
ア．Ｘ社は、再生手続開始の申立てを行った後、Ｘ社に再生手続開始の決定がなされる前に、取引先のＹ社から、Ｘ社の事業の継続に欠くことのできない資金の借入れを行った。当該借入れに先立って、当該資金の借入れによって生ずべきＹ社の貸金返還請求権を共益債権とする旨の裁判所の許可またはこれに代わる監督委員の承認をＸ社が受けていた場合には、当該貸金返還請求権は共益債権となる。
イ．Ｘ社が再生手続開始の申立てを行い、Ｙが監督委員に選任された。この場合、Ｘ社の業務の遂行ならびに財産の管理および処分をする権利は、Ｙに専属する。
ウ．Ｘ社が再生手続開始の申立てを行った後、Ｘ社に再生手続開始の決定がなされる前に、Ｘ社の債権者であるＹ社は、Ｘ社の財産に対して強制執行の申立てを行っていた。当該強制執行におけるＹ社の請求債権がＸ社の再生手続において再生債権として扱われるものである場合、進行中の当該強制執行の手続は、Ｘ社に再生手続開始の決定が出された後も続行される。
エ．Ｘ社は、Ｙ社から融資を受けるに際し、Ｙ社のためにＸ社の所有する本社ビルに抵当権を設定し、その旨の登記を経たが、その後、再生手続開始の決定を受けた。この場合、Ｙ社は、原則として、当該抵当権を行使することができず、再生手続において作成される再生計画に従って、当該抵当権の被担保債権の弁済を受ける。",判斷再生聲請後維持營運借款的共益債權、誰管理公司、原有強制執行是否停止，以及抵押權是否受再生程序拘束。選出正確敘述個數。,"①０ 個
②１ 個
③２ 個
④３ 個
⑤４ 個",2,2,"ア：〇  再生債務者が、再生手続開始の申立て後再生手続開始前に、資金の借入れ、原材料の購入その他再生債務者の事業の継続に欠くことができない行為をする場合には、裁判所は、その行為によって生ずべき相手方の債権を共益債権とする旨の許可をすることができ、また、監督委員に対し、この許可に代わる承認をする権限を付与することができ、その行為によって生じた債権は共益債権とされる（民事再生法 120 条）。
イ：×  再生手続においては、原則として、再生手続開始後も、再生債務者が業務の遂行ならびに財産の管理および処分をする権利を有する（民事再生法 38 条１項）。管理命令がなされ、管財人が選任された場合には、再生債務者の業務の遂行ならびに財産の管理および処分をする権利は、裁判所が選任した管財人に専属するが（民事再生法 64 条・66 条）、監督委員が選任されても、監督委員には再生債務者の業務の遂行ならびに財産の管理および処分をする権利は与えられない。
ウ：×  再生手続開始の決定があったときは、再生債務者の財産に対してすでにされている再生債権に基づく強制執行等の手続は中止される（民事再生法 39 条１項）。
エ：×  再生手続開始の時において再生債務者の財産につき存する抵当権を有する者は、その目的である財産について別除権を有し、別除権は、再生手続によらないで、行使することができる（民事再生法 53 条）。",教材答案②，正確有1個：ア。題示維持營運行為經法院許可等，可形成共益債權。再生開始後原則上仍由債務人管理，監督委員不當然接管；既有的再生債權強制執行等會中止；抵押權等別除權可在再生程序外行使。,,"IBT・CBT模擬問題2,原題32",mid,ok,unknown,user-supplied-material,,ＩＢＴ・ＣＢＴ対策模擬問題 2.docx,ＩＢＴ・ＣＢＴ対策模擬解答 2.docx,user-supplied-material,source-consistency-checked,2026-10-01,原題・選択肢・解答・○×組合せを確認。中国語はAIによる要約。現行法の逐条審査は未実施。
ibt2-033,ibt2-part4,問33｜不法行為（侵權行為）,不法行為に関する次の①〜④の記述のうち、その内容が最も適切なものを１つだけ選びなさい。,判斷空氣污染責任、汽車運行供用者免責、雇主向員工求償，以及土地工作物占有人與所有人的責任。選出最適當的一項。,"①企業の所有する工場から、大気汚染防止法上の健康被害物質に該当するばい煙が大気中に排出されたため、近隣住民に健康被害が生じた。この場合、当該企業は、ばい煙の排出につき故意または過失がなければ、当該近隣住民に対し、大気汚染防止法に基づく損害賠償責任を負わない。
②自動車の運行供用者は、自己のための自動車の運行によって他人を負傷させ損害を生じさせた場合であっても、自動車の運行に関し注意を怠らなかったことのみを証明すれば、被害者に対して、自動車損害賠償保障法の運行供用者責任の規定に基づく損害賠償責任を免れる。
③ある事業のために他人を使用する使用者は、被用者がその事業の執行について第三者に加えた損害を賠償する責任を負う。この場合において、当該使用者は、当該第三者に対して損害賠償を行ったときであっても、民法上、当該被用者に対して求償することはできない。
④土地の工作物の占有者は、土地の工作物の設置または保存に瑕疵があることによって他人に損害が生じた場合、当該損害の発生を防止するのに必要な注意をしていたことを証明することができれば、土地工作物責任の規定に基づく損害賠償責任を免れることができる。",4,4,"①：×  大気汚染防止法上の損害賠償責任は、加害者の故意または過失を要件としない、無過失責任である（大気汚染防止法 25 条）。
②：×  運行供用者が損害賠償責任を免れるためには、i）自己および運転者が自動車の運行に関し注意を怠らなかったこと、ii）被害者または運転者以外の第三者に故意または過失があったこと、iii）自動車の構造上の欠陥または機能上の障害がなかったことのすべてを証明しなければならない（自賠法３条）。
③：×  ある事業のために他人を使用する使用者は、被用者がその事業の執行について第三者に加えた損害を賠償する責任を負うが、原則として、被用者に対して求償することができる（民法 715 条１項３項）。
④：〇  土地の工作物の占有者は、土地の工作物の設置または保存に瑕疵があることによって他人に損害が生じた場合、被害者に対して損害賠償責任を負うが、占有者が損害の発生を防止するのに必要な注意をしていたことを証明することができれば、占有者は損害賠償責任を免れ、所有者がその損害を賠償しなければならない（民法 717 条１項）。",教材答案④。工作物占有人證明已盡防止損害的必要注意時，可免責並由所有人負責。題示空污責任採無過失責任；汽車運行供用者免責須證明法定全部條件；雇主原則上可向造成損害的員工求償。,,"IBT・CBT模擬問題2,原題33",mid,ok,unknown,user-supplied-material,,ＩＢＴ・ＣＢＴ対策模擬問題 2.docx,ＩＢＴ・ＣＢＴ対策模擬解答 2.docx,user-supplied-material,source-consistency-checked,2026-10-01,原題・選択肢・解答・○×組合せを確認。中国語はAIによる要約。現行法の逐条審査は未実施。
ibt2-034,ibt2-part4,問34｜不服申立て（判決救濟）,Ｘ社は、Ｙ社がＸ社の名誉を毀損したとして、500万円の損害賠償を求める民事訴訟を地方裁判所に提起したが、第一審で敗訴した。次の①〜④の記述は、Ｘ社において、民事訴訟における不服申立てについて検討している甲と乙の会話の一部である。この会話における乙の発言のうち、その内容が最も適切でないものを１つだけ選びなさい。,公司民事訴訟敗訴後，兩人討論和解、控訴、上告及再審。選出乙的發言中最不適當的一項。,"①甲 「当社は、第一審で敗訴してしまっているので、もはやＹ社との間で訴訟上の和解をすることはできないのでしょうか。」乙 「控訴審でも訴訟上の和解をすることができ、実務上、重要な機能を果たしています。」
②甲 「第一審判決は不当であると考えています。この判決に、不服を申し立てるには、どのようにすればよいですか。」乙 「第一審の終局判決に対する上訴を控訴といいます。本件民事訴訟については、地方裁判所で第一審判決がなされましたから、第一審判決確定前に、当該地方裁判所の所在地を管轄する高等裁判所に対して、控訴することができます。」
③甲 「もし、当社が、控訴審でも敗訴した場合、さらに不服申立てをする方法はありますか。」乙 「控訴審の判決に不服がある場合には、最高裁判所に対して、上告をすることができます。この場合、上告理由は、控訴理由と同じであることが必要です。」
④甲 「敗訴判決が確定した場合、もはや、当社はこの確定した判決に不服を申し立てる方法はないのでしょうか。」乙 「確定判決に不服を申し立てる方法として、再審があります。再審の訴えは、再審事由を知った日から 30 日以内に提起する必要があります。」",3,3,"①：〇  裁判所は、訴訟がいかなる程度にあるかを問わず、和解を試みることができ（民事訴訟法 89 条）、控訴審でも和解は可能である。
②：〇  第一審の終局判決に対する上訴を控訴といい、地方裁判所で第一審判決がなされた場合、第一審判決確定前に、当該地方裁判所の所在地を管轄する高等裁判所に対して、控訴をすることができる（民事訴訟法 281 条）。
③：×  上告理由は、憲法違反や絶対的上告理由に限られるため（民事訴訟法 312条）、控訴理由と同じであるとは限らない。
④：〇  確定判決に不服を申し立てる方法として再審があり、再審の訴えは、再審事由を知った日から 30 日以内に提起する必要がある（民事訴訟法 342 条）。",教材答案③。上告理由限於憲法違反及法定的絕對上告理由等，不能說必須與控訴理由相同。控訴審仍可和解；地方裁判所的一審判決可依法向高等裁判所控訴；再審原則上須在知悉再審事由後30日內提出。,,"IBT・CBT模擬問題2,原題34",mid,ok,unknown,user-supplied-material,,ＩＢＴ・ＣＢＴ対策模擬問題 2.docx,ＩＢＴ・ＣＢＴ対策模擬解答 2.docx,user-supplied-material,source-consistency-checked,2026-10-01,原題・選択肢・解答・○×組合せを確認。中国語はAIによる要約。現行法の逐条審査は未実施。
ibt2-035,ibt2-part4,問35｜株式・株主の権利（股份與股東權）,株式および株主の権利に関する次の①～④の記述のうち、会社法の規定に照らし、その内容が適切なものを２つ選びなさい。,判斷子公司取得母公司股份、單元株式、公司成立後新增轉讓限制，以及是否能同時剝奪股利與剩餘財產分配權。選出兩個正確選項。,"①子会社による親会社の株式の取得は、原則として、禁止されている。
②株式会社は、定款において、その発行する株式について、一定の数の株式をもって株主が株主総会において１個の議決権を行使することができる一単元の株式とする旨の定めを設けることができる。
③株式会社は、株式の譲渡を制限する場合、当該株式会社の設立時に作成される定款（原始定款）において株式の譲渡を制限する旨の規定を設けておかなければならず、株式会社の成立後に、定款変更により株式の譲渡を制限する旨の規定を設けることはできない。
④株式会社は、定款に定めを設けることにより、株主に対し、剰余金の配当を受ける権利および残余財産の分配を受ける権利の全部を与えないことができる。","1,2",1+2,"①：〇  子会社は、原則として、その親会社の株式を取得してはならない（会社法135 条）。
②：〇  株式会社は、その発行する株式について、一定の数の株式をもって株主が株主総会または種類株主総会において 1 個の議決権を行使することができる一単元の株式とする旨を定款で定めることができる（会社法 188 条以下）。
③：×  株式会社は、その成立後に、定款変更により株式の譲渡を制限する旨の規定を設けることができる（会社法 309 条３項１号参照）。
④：×  株主に対し、剰余金の配当を受ける権利および残余財産の分配を受ける権利の全部を与えない旨の定款の定めは、その効力を有しない（会社法 105 条２項）。",教材答案①＋②，兩個都要選。子公司原則上不得取得母公司股份；可在章程設定每單元股份及相應表決權。公司成立後可依法修改章程設轉讓限制；完全不給股利與剩餘財產分配權的章程規定無效。,,"IBT・CBT模擬問題2,原題35",mid,ok,unknown,user-supplied-material,,ＩＢＴ・ＣＢＴ対策模擬問題 2.docx,ＩＢＴ・ＣＢＴ対策模擬解答 2.docx,user-supplied-material,source-consistency-checked,2026-10-01,原題・選択肢・解答・○×組合せを確認。中国語はAIによる要約。現行法の逐条審査は未実施。
ibt2-036,ibt2-part4,問36｜取締役（董事）,"株式会社の取締役に関する次のア〜エの記述のうち、会社法の規定に照らし、その内容が適切なものを○、適切でないものを×とした場合の組み合わせを①〜⑥の中から１つだけ選びなさい。
ア．Ｘ株式会社の取締役Ｙは、取締役会において承認を受けることなく、自己の利益のために、自己所有の土地をＸ社に売却する旨の売買契約をＸ社との間で締結した。この場合、Ｘ社は、取締役Ｙとの間の土地の売買契約について、無効を主張することができる。
イ．Ｘ株式会社の取締役会に参加した取締役Ｙは、決議に反対であったものの議事録に異議をとどめなかった。この場合、取締役Ｙは決議に賛成したものと推定され、その結果、会社に対する責任を負うことがある。
ウ．Ｘ株式会社の取締役Ｙは、Ｘ社の会社法上の子会社であるＺ社の社外取締役を兼務することができる。
エ．Ｘ株式会社には、社長Ｙおよび副社長Ｚの２名の代表取締役が存する。この場合、ＹおよびＺは、当然に共同してのみＸ社を代表する。",判斷董事自我交易的核准、董事會未記錄異議的效果、母公司董事兼任子公司社外董事，以及多位代表董事的代表方式。將ア～エ判為○／×。,"①ア－○    イ－○    ウ－○    エ－○
②ア－○    イ－○    ウ－×    エ－×
③ア－○    イ－×    ウ－×    エ－○
④ア－×    イ－○    ウ－○    エ－×
⑤ア－×    イ－×    ウ－○    エ－○
⑥ア－×    イ－×    ウ－×    エ－×",2,2,"ア：〇  取締役は、自己または第三者のために株式会社と取引をしようとするときは、株主総会（取締役会設置会社においては取締役会）において、当該取引につき重要な事実を開示し、その承認を受けなければならない（自己取引・直接取引、会社法 356 条１項２号）。この承認を受けずに行った取引は、無効である。
イ：〇  取締役会の決議に参加した取締役であって取締役会議事録に異議をとどめないものは、その決議に賛成したものと推定され（会社法 369 条５項）、その結果、会社に対する責任を負うことがある（会社法 423 条３項３号参照）。
ウ：×  親会社の取締役は、子会社の社外取締役を兼務することができない（会社法２条 15 号ハ）。
エ：×  代表取締役は、株式会社の業務に関する一切の裁判上または裁判外の行為をする権限を有し、この権限に加えた制限は、善意の第三者に対抗することができない（会社法 349 条４項５項）。会社法上、複数の代表取締役が選定されている場合に、当然に共同してのみ株式会社を代表する旨の規定は存在しない。",教材答案②，ア、イ正確，ウ、エ錯誤。董事與公司自我交易須揭露重要事實並取得法定核准；參與決議卻未在議事錄留異議，推定贊成。母公司董事不符合題示子公司社外董事資格；有多位代表董事不表示依法只能共同代表。,,"IBT・CBT模擬問題2,原題36",mid,ok,unknown,user-supplied-material,,ＩＢＴ・ＣＢＴ対策模擬問題 2.docx,ＩＢＴ・ＣＢＴ対策模擬解答 2.docx,user-supplied-material,source-consistency-checked,2026-10-01,原題・選択肢・解答・○×組合せを確認。中国語はAIによる要約。現行法の逐条審査は未実施。
ibt2-037,ibt2-part4,問37｜募集株式（募集股份）,Ｘ株式会社は、資金調達のため、募集株式を発行することを検討している。この場合に関する次の①〜④の記述のうち、会社法の規定に照らし、その内容が最も適切でないものを１つだけ選びなさい。,判斷特別優惠發行價格、認購人與董事串通低價認購、未繳出資的後果，以及股東能否主張新股發行無效。選出最不適當的一項。,"①Ｘ社が株主割当て以外の方法により募集株式を発行する場合、募集株式を引き受ける者にとって特に有利な払込金額を定めるときには、株主総会の特別決議により募集事項を決定する必要がある。
②Ｘ社が募集株式の発行を行った場合において、募集株式の引受人が、Ｘ社の取締役と通じて、著しく不公正な払込金額で募集株式を引き受けた。この場合、当該引受人は、Ｘ社に対し、当該払込金額と当該募集株式の公正な価額との差額に相当する金額を支払う義務を負う。
③Ｘ社が募集株式の発行を行った場合において、募集株式の引受人のうちに出資の履行をしない者がいる場合、Ｘ社の募集株式の発行手続自体は無効とならず、当該出資の履行をしない者は募集株式の株主となる権利を失う。
④Ｘ社の株主は、Ｘ社が募集株式を発行した後は、募集株式の発行につきいかなる法的瑕疵があっても、これを無効とすることはできない。",4,4,"①：〇  株式会社が株主割当て以外の方法により募集株式を発行する場合、募集株式を引き受ける者にとって特に有利な払込金額を定めるときには、株主総会の特別決議により募集事項を決定する必要がある（会社法 199 条２項３項・201 条１項・309 条２項５号）。
②：〇  募集株式の引受人は、取締役と通じて著しく不公正な払込金額で募集株式を引き受けた場合、株式会社に対し、当該払込金額と当該募集株式の公正な価額との差額に相当する金額を支払う義務を負う（会社法 212 条１項１号）。
③：〇  募集株式の引受人は、出資の履行をしないときは、当該出資の履行をすることにより募集株式の株主となる権利を失うが（会社法 208 条５項）、募集株式の発行手続自体は無効とならない。
④：×  株主は、新株発行無効の訴えを提起することが認められている（会社法828 条１項２号）。",教材答案④。股東可依法提起新股發行無效之訴。非股東配售而採特別有利價格時，須股東會特別決議；認購人與董事串通極不公平價格時，可負補足差額義務；未繳出資會失去成為股東的權利，不使整個發行程序當然無效。,,"IBT・CBT模擬問題2,原題37",mid,ok,unknown,user-supplied-material,,ＩＢＴ・ＣＢＴ対策模擬問題 2.docx,ＩＢＴ・ＣＢＴ対策模擬解答 2.docx,user-supplied-material,source-consistency-checked,2026-10-01,原題・選択肢・解答・○×組合せを確認。中国語はAIによる要約。現行法の逐条審査は未実施。
ibt2-038,ibt2-part4,問38｜解散・清算（解散與清算）,株式会社の解散および清算に関する次の①～④の記述のうち、会社法の規定に照らし、その内容が適切なものを２つ選びなさい。,判斷清算期間的會計報告、原代表董事轉任代表清算人、是否仍強制設監查役會，以及清算人的職務。選出兩個正確選項。,"①株式会社は、清算手続を開始した後は、株主総会を開催する必要はない。
②株式会社が清算手続を開始するに際し、清算手続を開始する時点における当該株式会社の取締役が清算人となる場合において、代表取締役を定めていたときは、当該代表取締役が代表清算人となる。
③株式会社は、解散の前に監査役会設置会社であった場合、清算手続の開始後、監査役会の設置を義務づけられる。
④清算人は、その職務として、現務の結了、債権の取立ておよび債務の弁済、残余財産の分配を行う。","2,4",2+4,"①：×  一定の清算株式会社において、清算人は、貸借対照表および事務報告を定時株主総会に提出または提供し、貸借対照表につき定時株主総会の承認を受けなければならない（会社法 497 条）。
②：〇  株式会社が清算手続を開始する時点における当該株式会社の取締役が清算人となる場合において、代表取締役を定めていたときは、当該代表取締役が代表清算人となる（会社法 483 条４項）。
③：×  株式会社は、解散の前に監査役会設置会社であった場合であっても、清算手続の開始後、監査役会の設置を義務づけられない（会社法 477 条参照）。
④：〇  清算人の職務は、現務の結了、債権の取立ておよび債務の弁済、残余財産の分配とされる（会社法 481 条）。",教材答案②＋④，兩個都要選。題示原董事成為清算人時，原代表董事成為代表清算人；清算人的工作包括結束現有事務、收取債權、清償債務及分配剩餘財產。清算中仍有法定報告義務；原設監查役會不表示清算後仍強制設置。,,"IBT・CBT模擬問題2,原題38",mid,ok,unknown,user-supplied-material,,ＩＢＴ・ＣＢＴ対策模擬問題 2.docx,ＩＢＴ・ＣＢＴ対策模擬解答 2.docx,user-supplied-material,source-consistency-checked,2026-10-01,原題・選択肢・解答・○×組合せを確認。中国語はAIによる要約。現行法の逐条審査は未実施。
ibt2-039,ibt2-part4,問39｜反社会的勢力（反社會勢力）,"企業の反社会的勢力への対応については、「暴力団員による不当な行為の防止等に関する法律」（暴対法）や地方公共団体の条例（暴力団排除条例）が定められているほか、犯罪対策閣僚会議の取りまとめた「企業が反社会的勢力による被害を防止するための指針」が公表されている。次のア～エの記述のうち、この指針において、反社会的勢力による被害を防止するための基本的な理念や具体的な対応として定められている事項として適切なものの個数を①～⑤の中から１つだけ選びなさい。
ア．反社会的勢力による被害の防止は、業務の適正を確保するために必要な法令等遵守・リスク管理事項として、内部統制システムに明確に位置付けることが必要である。
イ．反社会的勢力による不当要求が、事業活動上の不祥事や従業員の不祥事を理由とする場合であっても、事案を隠ぺいするための裏取引を絶対に行わない。
ウ．反社会的勢力とは、一切の関係をもたない。そのため、相手方が反社会的勢力であるかどうかについて、常に、通常必要と思われる注意を払うとともに、反社会的勢力とは知らずに何らかの関係を有してしまった場合には、相手方が反社会的勢力であると判明した時点や反社会的勢力であるとの疑いが生じた時点で、速やかに関係を解消する。
エ．反社会的勢力による不当要求がなされた場合には、担当者や担当部署だけに任せずに、不当要求防止責任者を関与させ、代表取締役等の経営トップ以下、組織全体として対応する。",依教材引用的企業防範反社會勢力指針，判斷內部控制、不得私下交易掩蓋醜聞、發現關係後的解除，以及全組織應對。選出正確敘述個數。,"①０個
②１個
③２個
④３個
⑤４個",5,5,"ア：〇  指針によれば、反社会的勢力による被害の防止は、法令等遵守・リスク管理事項として、内部統制システム（会社法 348 条３項４号・362 条４項６号等参照）に明確に位置付けることが必要である。
イ：〇  指針によれば、反社会的勢力による不当要求が、事業活動上の不祥事や従業員の不祥事を理由とする場合であっても、事案を隠ぺいするための裏取引を絶対に行わない。
ウ：○  指針によれば、反社会的勢力とは、一切の関係をもたず、そのため、相手方が反社会的勢力であるかどうかについて、常に、通常必要と思われる注意を払うとともに、反社会的勢力とは知らずに何らかの関係を有してしまった場合には、相手方が反社会的勢力であると判明した時点や反社会的勢力であるとの疑いが生じた時点で、速やかに関係を解消する。
エ：○  指針によれば、反社会的勢力による不当要求がなされた場合には、担当者や担当部署だけに任せずに、不当要求防止責任者を関与させ、代表取締役等の経営トップ以下、組織全体として対応する。",教材答案⑤，ア・イ・ウ・エ全對，共4個。題示指針要求將防範納入內部控制，不因醜聞受要脅就作秘密交易；發現或懷疑對方是反社會勢力時，迅速解除關係；面對不當要求，應由管理階層及全組織共同應對。,,"IBT・CBT模擬問題2,原題39",mid,ok,unknown,user-supplied-material,,ＩＢＴ・ＣＢＴ対策模擬問題 2.docx,ＩＢＴ・ＣＢＴ対策模擬解答 2.docx,user-supplied-material,source-consistency-checked,2026-10-01,原題・選択肢・解答・○×組合せを確認。中国語はAIによる要約。現行法の逐条審査は未実施。
ibt2-040,ibt2-part4,問40｜国際法務（國際法務）,国際法務に関する次の①〜④の記述のうち、その内容が最も適切なものを１つだけ選びなさい。,判斷不可抗力條款、不動產契約未選準據法時的推定、國際法院管轄合意的形式，以及外國判決在日本的執行。選出最適當的一項。,"①日本企業ＸとＡ国の企業Ｙとの間で、国際売買契約を締結することとなった。国際的な売買取引においては、売主の目的物引渡債務が不可抗力によって履行できない場合、取引の相手方の属する国にかかわらず、売主に責任が生じることはないとされているため、Ｘは、Ｙとの間の国際売買契約に不可抗力条項（force majeure clause）を設ける必要はない。
②日本企業ＸとＡ国の企業Ｙとの間で、Ｂ国に存在する不動産の賃貸借契約に関し、契約の成立についての民事上の紛争が発生した。ＸとＹとの間において準拠法を定めていない場合、日本の法適用通則法上、原則として、Ｂ国の法律に基づき当該契約の成否が判断されることになる。
③日本企業ＸとＡ国の企業Ｙの間の売買契約に関して発生した法的紛争の解決方法として国際裁判管轄の合意がある場合、日本の民事訴訟法上、Ｘは、当該合意を書面または電磁的記録としていなくても、合意した裁判所に対し、両社間の売買契約に関する法的紛争について訴えを提起することができる。
④Ａ国において、Ａ国の企業Ｘが日本企業Ｙを被告として民事訴訟を起こし、Ａ国の裁判所が国際裁判管轄を認めて審理を進め、原告であるＸ勝訴の判決が言い渡された。この場合、日本の民事執行法上、Ｘは、直ちに日本において当該判決の内容を執行することができる。",2,2,"①：×  不可抗力の概念は、大陸法系のものであり、英米法系には原則として存在しない。したがって、後日の紛争を避けるためには、国際売買契約に不可抗力条項を設ける必要がある。
②：〇  当事者による準拠法の選択がない場合において、不動産を目的物とする法律行為については、その不動産の所在地法が当該法律行為に最も密接な関係がある地の法と推定される（法適用通則法８条３項）。
③：×  国際裁判管轄の合意は、一定の法律関係に基づく訴えに関し、かつ、書面または電磁的記録でしなければ、その効力を生じない（民事訴訟法３条の７第２項３項）。
④：×  外国の裁判所の判決は、日本の裁判所で執行判決を得て初めて執行できる（民事執行法 22 条６号・24 条）。",教材答案②。未選準據法的不動產法律行為，推定所在地法為關係最密切的法律。教材強調國際契約應明訂不可抗力條款；國際管轄合意須針對一定法律關係，並以書面或電磁紀錄作成；外國判決在日本執行，須取得日本法院的執行判決。,,"IBT・CBT模擬問題2,原題40",mid,ok,unknown,user-supplied-material,,ＩＢＴ・ＣＢＴ対策模擬問題 2.docx,ＩＢＴ・ＣＢＴ対策模擬解答 2.docx,user-supplied-material,source-consistency-checked,2026-10-01,原題・選択肢・解答・○×組合せを確認。中国語はAIによる要約。現行法の逐条審査は未実施。
